ID,Study_Hours_Weekly,Final_Grade
1,17.2,68
2,27.3,85
3,26.2,92
4,5.5,47
5,21.6,79
6,26.2,87
7,23.6,93
8,1,41
9,5,63
10,6.1,40
11,26.4,82
12,2.1,44
13,14.1,73
14,4.1,24
15,14.2,74
16,17,75
17,14.8,78
18,30.3,91
19,6.2,51
20,17.6,65
21,14.8,74
22,18.9,67
23,28.4,96
24,13,73
25,23,91
26,25.4,96
27,28.5,89
28,22.3,92
29,11.4,66
30,4.9,50
31,4.5,49
32,5,42
33,5.3,44
34,29.9,85
35,23.3,82
36,27,91
37,16,66
38,32.1,97
39,5.2,64
40,23.8,84
41,2.1,48
42,14.4,67
43,28.2,100
44,30.6,96
45,3.5,62
46,32.6,79
47,22.5,94
48,7.1,41
49,19.6,63
50,8.3,48
51,9.1,31
52,16.2,71
53,13.2,65
54,8.4,50
55,14,67
56,4.2,44
57,7,43
58,3.7,37
59,17,75
60,15.3,65
61,5.1,38
62,17.7,60
63,17,69
64,14.4,84
65,1.5,53
66,3.4,60
67,21.8,72
68,21.1,89
69,30.3,88
70,11.8,63
71,4.2,57
72,4.7,28
73,22.4,97
74,16.6,71
75,24.5,92
76,12.2,70
77,1.9,46
78,4.5,67
79,9.7,78
80,19.5,58
81,5.8,33
82,29.3,86
83,15,76
84,21.5,85
85,29.1,94
86,6,27
87,19.3,81
88,11.5,73
89,24.2,78
90,28.1,96
91,14.4,72
92,25.5,94
93,14.1,84
94,7.1,26
95,19.5,71
96,27.6,93
97,4.2,42
98,25.4,86
99,1.7,36
100,24.9,84