player_a,player_b,player_a_ranking,player_b_ranking,ranking_difference,player_a_recent_win_rate,player_b_recent_win_rate,player_a_wins
Jaume Munar,Sebastian Ofner,63.0,54.0,-9.0,0.4,0.4,0
Federico Delbonis,Carlos Taberner,41.0,105.0,64.0,0.2,0.4,0
Karen Khachanov,Matteo Berrettini,24.0,41.0,17.0,0.8,0.7,1
Gregoire Barrere,Thanasi Kokkinakis,128.0,94.0,-34.0,0.3,0.4,1
Yoshihito Nishioka,Maximilian Marterer,54.0,105.0,51.0,0.6,0.4,1
Flavio Cobolli,Novak Djokovic,30.0,4.0,-26.0,0.7,0.8,0
Alejandro Tabilo,Miomir Kecmanovic,113.0,63.0,-50.0,0.5,0.7,1
Marin Cilic,Sebastian Baez,23.0,59.0,36.0,0.5,0.6,0
Thanasi Kokkinakis,Benoit Paire,145.0,47.0,-98.0,0.6,0.2,1
Mackenzie Mcdonald,Aleksandar Vukic,74.0,93.0,19.0,0.3,0.3,0
Ricardas Berankis,Federico Delbonis,101.0,62.0,-39.0,0.6,0.1,0
Nikoloz Basilashvili,Lorenzo Musetti,26.0,57.0,31.0,0.5,0.6,1
Thanasi Kokkinakis,Frances Tiafoe,171.0,38.0,-133.0,0.42857142857142855,0.8,1
Christopher Oconnell,Jannik Sinner,66.0,3.0,-63.0,0.6,0.9,0
Bernabe Zapata Miralles,Roberto Carballes Baena,76.0,77.0,1.0,0.2,0.5,1
Emil Ruusuvuori,J J Wolf,44.0,83.0,39.0,0.5,0.6,1
Frances Tiafoe,Hubert Hurkacz,26.0,7.0,-19.0,0.6,0.8,1
Alex Michelsen,Jordan Thompson,74.0,40.0,-34.0,0.6,0.7,0
J J Wolf,John Isner,43.0,39.0,-4.0,0.6,0.4,0
Daniil Medvedev,Carlos Alcaraz,3.0,1.0,-2.0,0.7,0.8,1
Felix Auger Aliassime,Jo-Wilfried Tsonga,9.0,243.0,234.0,0.9,0.2,1
Roberto Bautista Agut,Sebastian Korda,21.0,33.0,12.0,0.5,0.7,0
Sebastian Ofner,Casper Ruud,58.0,4.0,-54.0,0.4,0.7,0
Elias Ymer,Sebastian Baez,119.0,37.0,-82.0,0.5,0.3,1
Jannik Sinner,Yoshihito Nishioka,7.0,38.0,31.0,0.8,0.6,1
Casper Ruud,Miomir Kecmanovic,5.0,40.0,35.0,0.6,0.7,1
Dusan Lajovic,Stefanos Tsitsipas,59.0,7.0,-52.0,0.5,0.7,0
Jason Kubler,James Duckworth,102.0,74.0,-28.0,0.6666666666666666,0.2,1
Novak Djokovic,Holger Rune,1.0,8.0,7.0,1.0,0.5,1
Felix Auger Aliassime,Marc Andrea Huesler,9.0,62.0,53.0,1.0,0.6,1
Alex De Minaur,Adrian Mannarino,18.0,46.0,28.0,0.6,0.5,1
J J Wolf,Tallon Griekspoor,45.0,37.0,-8.0,0.7,0.7,0
Matteo Arnaldi,Frances Tiafoe,35.0,29.0,-6.0,0.6,0.4,0
Alex Michelsen,Kei Nishikori,55.0,576.0,521.0,0.6,0.4,0
Christopher Eubanks,Alexander Bublik,44.0,17.0,-27.0,0.1,0.6,1
Pablo Carreno Busta,Sebastian Korda,513.0,15.0,-498.0,0.3,0.9,1
Borna Coric,Lorenzo Musetti,152.0,33.0,-119.0,0.6,0.6,1
Thanasi Kokkinakis,Jack Draper,103.0,53.0,-50.0,0.3,0.6,1
Alex Michelsen,Tennys Sandgren,75.0,281.0,206.0,0.3,0.2,1
Marcos Giron,Lorenzo Sonego,59.0,49.0,-10.0,0.5,0.5,0
Miomir Kecmanovic,Roberto Bautista Agut,50.0,93.0,43.0,0.4,0.4,0
Daniel Elahi Galan,Hugo Dellien,127.0,109.0,-18.0,0.4,0.25,1
Cameron Norrie,Felix Auger Aliassime,12.0,11.0,-1.0,0.4,0.6,0
Maxime Cressy,Alex Michelsen,105.0,140.0,35.0,0.1,0.6666666666666666,1
James Duckworth,Dominik Koepfer,123.0,84.0,-39.0,0.5,0.4,0
Reilly Opelka,Jenson Brooksby,23.0,54.0,31.0,0.6,0.8,1
Hubert Hurkacz,Alexander Bublik,10.0,37.0,27.0,0.6,0.5,1
Diego Schwartzman,Pablo Andujar,14.0,74.0,60.0,0.7,0.5,1
Cristian Garin,Dominic Thiem,100.0,99.0,-1.0,0.3,0.4,1
Taylor Fritz,Grigor Dimitrov,13.0,10.0,-3.0,0.8,0.7,1
Jaume Munar,Tallon Griekspoor,58.0,95.0,37.0,0.3,0.3,0
Diego Schwartzman,Stefanos Tsitsipas,16.0,5.0,-11.0,0.7,0.8,0
Reilly Opelka,Adrian Mannarino,20.0,53.0,33.0,0.9,0.7,1
Jaume Munar,Pablo Carreno Busta,99.0,16.0,-83.0,0.4,0.6,1
John Millman,Daniel Elahi Galan,73.0,118.0,45.0,0.5,0.3,0
Emil Ruusuvuori,Alexander Bublik,40.0,55.0,15.0,0.7,0.4,1
Emil Ruusuvuori,Juncheng Shang,88.0,104.0,16.0,0.3,0.4,0
Albert Ramos,Sebastian Baez,31.0,78.0,47.0,0.6,0.5,0
Dusan Lajovic,Lorenzo Sonego,51.0,55.0,4.0,0.5,0.5,0
Daniil Medvedev,Alex De Minaur,3.0,13.0,10.0,0.7,0.8,1
Andy Murray,Nick Kyrgios,68.0,78.0,10.0,0.6,0.8,1
Benoit Paire,Zachary Svajda,227.0,113.0,-114.0,0.1,0.3,1
Carlos Alcaraz,Alexandre Muller,1.0,84.0,83.0,1.0,0.6,1
Jan Lennard Struff,Zizou Bergs,132.0,134.0,2.0,0.2,0.2222222222222222,1
Ugo Humbert,Gael Monfils,78.0,280.0,202.0,0.6,0.5,1
Richard Gasquet,Stan Wawrinka,43.0,105.0,62.0,0.6,0.4,0
Roberto Carballes Baena,Marton Fucsovics,51.0,83.0,32.0,0.5,0.6,1
Stan Wawrinka,Roberto Carballes Baena,72.0,59.0,-13.0,0.6,0.4,1
Matteo Arnaldi,Kei Nishikori,46.0,576.0,530.0,0.4,0.5,1
Taylor Fritz,Aslan Karatsev,8.0,48.0,40.0,0.5,0.7,1
Nicolas Moreno De Alboran,David Goffin,157.0,102.0,-55.0,0.16666666666666666,0.4,1
Aleksandar Kovacevic,Harold Mayot,91.0,124.0,33.0,0.2,0.4,1
Cristian Garin,Bernabe Zapata Miralles,87.0,79.0,-8.0,0.4,0.2,0
Ben Shelton,Roman Safiullin,20.0,50.0,30.0,0.7,0.7,1
Sebastian Ofner,Sebastian Korda,118.0,30.0,-88.0,0.4,0.6,1
Jannik Sinner,Alexander Zverev,1.0,4.0,3.0,0.8,0.8,1
Grigor Dimitrov,Carlos Alcaraz,12.0,2.0,-10.0,0.8,0.9,1
Novak Djokovic,Grigor Dimitrov,1.0,33.0,32.0,0.7,0.5,1
Aslan Karatsev,Tallon Griekspoor,14.0,62.0,48.0,0.6,0.6,0
Alexander Bublik,Alexander Zverev,53.0,16.0,-37.0,0.4,0.5,0
Thiago Monteiro,Pablo Andujar,62.0,115.0,53.0,0.3,0.2,0
Jordan Thompson,Brandon Nakashima,83.0,82.0,-1.0,0.4,0.6,1
Francisco Cerundolo,Alexandre Muller,22.0,79.0,57.0,0.5,0.2,0
James Duckworth,Christopher Eubanks,106.0,33.0,-73.0,0.4,0.4,1
Carlos Alcaraz,Karen Khachanov,3.0,27.0,24.0,0.8,0.4,1
Bernabe Zapata Miralles,Ben Shelton,64.0,41.0,-23.0,0.2,0.2,0
Casper Ruud,Rafael Nadal,8.0,5.0,-3.0,0.9,0.7,0
Jiri Lehecka,Jack Draper,32.0,62.0,30.0,0.2,0.7,1
Jaume Munar,Casper Ruud,63.0,5.0,-58.0,0.5,0.6,0
Ilya Ivashka,Alex De Minaur,53.0,30.0,-23.0,0.7,0.7,0
Ugo Humbert,Gijs Brouwer,16.0,232.0,216.0,0.4,0.2,1
Luciano Darderi,Gael Monfils,60.0,40.0,-20.0,0.6,0.6,1
Cristian Garin,Hugo Grenier,43.0,141.0,98.0,0.6,0.4,1
Brandon Nakashima,Pavel Kotov,69.0,113.0,44.0,0.5,0.2,1
Juan Manuel Cerundolo,Carlos Taberner,79.0,108.0,29.0,0.2,0.4,0
Roberto Bautista Agut,Marton Fucsovics,97.0,80.0,-17.0,0.4,0.4,0
Marin Cilic,Thiago Monteiro,30.0,89.0,59.0,0.5,0.3,1
Andy Murray,Matteo Berrettini,68.0,10.0,-58.0,0.6,0.7,0
Borna Coric,Stefanos Tsitsipas,152.0,7.0,-145.0,0.5,0.8,1
Alex De Minaur,Andy Murray,22.0,43.0,21.0,0.7,0.6,1
Jakub Mensik,Alejandro Davidovich Fokina,116.0,24.0,-92.0,0.7,0.6,1
Stan Wawrinka,Pedro Cachin,60.0,74.0,14.0,0.2,0.3,1
Shintaro Mochizuki,Arthur Rinderknech,156.0,66.0,-90.0,0.3,0.4,0
Francisco Cerundolo,Andrey Rublev,30.0,8.0,-22.0,0.7,0.7,1
Lorenzo Sonego,Pablo Carreno Busta,28.0,19.0,-9.0,0.3,0.5,0
Adrian Mannarino,Novak Djokovic,19.0,1.0,-18.0,0.7,0.7,0
Stan Wawrinka,Max Purcell,51.0,70.0,19.0,0.7,0.2,0
Alejandro Davidovich Fokina,Botic Van De Zandschulp,44.0,29.0,-15.0,0.6,0.4,0
Miomir Kecmanovic,Max Purcell,53.0,94.0,41.0,0.5,0.3,0
Frances Tiafoe,Borna Gojo,11.0,77.0,66.0,0.6,0.4,0
Rinky Hijikata,Miomir Kecmanovic,79.0,54.0,-25.0,0.5,0.5,1
Hubert Hurkacz,John Isner,10.0,50.0,40.0,0.7,0.7,0
J J Wolf,Zachary Svajda,143.0,109.0,-34.0,0.1,0.2,1
Dominic Thiem,Hubert Hurkacz,182.0,10.0,-172.0,0.6,0.6,0
Marco Cecchinato,Nicolas Jarry,89.0,28.0,-61.0,0.5,0.7,0
Stefan Kozlov,Rafael Nadal,130.0,5.0,-125.0,0.5,1.0,0
Arthur Fils,Nuno Borges,35.0,66.0,31.0,0.6,0.4,1
Brandon Nakashima,Bernabe Zapata Miralles,122.0,70.0,-52.0,0.4,0.3,1
Max Purcell,Alexander Bublik,101.0,17.0,-84.0,0.2,0.5,0
Maxime Cressy,Jack Sock,32.0,105.0,73.0,0.7,0.5,1
Dominik Koepfer,Soon Woo Kwon,145.0,77.0,-68.0,0.2,0.3,1
Taylor Fritz,Cristian Garin,13.0,29.0,16.0,0.9,0.3,0
Hugo Gaston,Soon Woo Kwon,69.0,55.0,-14.0,0.4,0.6,0
Fabio Fognini,Sebastian Ofner,130.0,118.0,-12.0,0.5,0.4,0
Alexander Zverev,Daniil Medvedev,17.0,3.0,-14.0,0.8,0.8,1
Elias Ymer,Sumit Nagal,202.0,68.0,-134.0,0.3,0.3,0
Holger Rune,Flavio Cobolli,13.0,53.0,40.0,0.6,0.6,1
Diego Schwartzman,Yibing Wu,48.0,56.0,8.0,0.3,0.7,1
Jiri Lehecka,Daniil Medvedev,37.0,3.0,-34.0,0.4,0.7,0
Lukas Klein,Stefanos Tsitsipas,149.0,5.0,-144.0,0.2222222222222222,0.7,0
Matteo Berrettini,Thiago Monteiro,6.0,106.0,100.0,0.6,0.5,1
Dusan Lajovic,Taro Daniel,78.0,104.0,26.0,0.4,0.4,0
Oscar Otte,Nikoloz Basilashvili,51.0,25.0,-26.0,0.6,0.6,1
Sebastian Baez,Hugo Dellien,47.0,138.0,91.0,0.4,0.5,1
Arthur Rinderknech,Roberto Bautista Agut,60.0,61.0,1.0,0.5,0.6,0
Jason Kubler,Richard Gasquet,97.0,79.0,-18.0,0.6,0.6,0
Alejandro Tabilo,Jaume Munar,186.0,66.0,-120.0,0.4,0.3,0
Tommy Paul,Grigor Dimitrov,13.0,10.0,-3.0,0.6,0.7,1
Sebastian Baez,Laslo Djere,42.0,34.0,-8.0,0.7,0.8,1
Cristian Garin,Sebastian Korda,87.0,31.0,-56.0,0.3,0.7,0
Jiri Lehecka,Sebastian Baez,94.0,62.0,-32.0,0.5,0.7,0
Yannick Hanfmann,Matteo Berrettini,116.0,50.0,-66.0,0.4,0.9,0
Arthur Fils,Jannik Sinner,118.0,12.0,-106.0,0.5714285714285714,0.9,1
Lorenzo Musetti,Nicolas Jarry,18.0,139.0,121.0,0.5,0.4,0
Frances Tiafoe,Tommy Paul,15.0,14.0,-1.0,0.5,0.9,0
Daniil Medvedev,Jan Lennard Struff,5.0,41.0,36.0,0.7,0.7,1
Taro Daniel,Sebastian Baez,118.0,35.0,-83.0,0.4,0.6,0
Sebastian Korda,Novak Djokovic,33.0,5.0,-28.0,0.8,0.9,0
Emil Ruusuvuori,Facundo Bagnis,43.0,88.0,45.0,0.5,0.3,1
Stan Wawrinka,Frances Tiafoe,51.0,10.0,-41.0,0.6,0.6,1
Christopher Oconnell,Gabriel Diallo,72.0,118.0,46.0,0.5,0.5,0
Hugo Dellien,Jiri Vesely,85.0,74.0,-11.0,0.3,0.5,1
Feliciano Lopez,David Goffin,593.0,99.0,-494.0,0.1,0.4,0
Michael Mmoh,John Isner,89.0,157.0,68.0,0.6,0.5,1
Francisco Cerundolo,Federico Coria,31.0,67.0,36.0,0.5,0.3,0
Arthur Cazaux,Laslo Djere,122.0,33.0,-89.0,0.3333333333333333,0.4,1
Taylor Fritz,Jack Draper,15.0,46.0,31.0,0.5,0.6,1
Emil Ruusuvuori,Taro Daniel,54.0,97.0,43.0,0.5,0.6,1
Cristian Garin,Roberto Bautista Agut,17.0,19.0,2.0,0.4,0.4,0
Yannick Hanfmann,Stefanos Tsitsipas,48.0,5.0,-43.0,0.7,0.7,1
Nick Kyrgios,Novak Djokovic,40.0,3.0,-37.0,0.8,0.9,0
Fabio Fognini,Tommy Paul,93.0,14.0,-79.0,0.6,0.6,0
Tallon Griekspoor,Roberto Carballes Baena,35.0,82.0,47.0,0.6,0.6,0
Casper Ruud,Botic Van De Zandschulp,10.0,32.0,22.0,0.6,0.7,1
Alexander Zverev,Diego Schwartzman,10.0,133.0,123.0,0.9,0.3,1
Manuel Guinard,Felix Auger Aliassime,148.0,10.0,-138.0,0.5,0.8,0
Benjamin Bonzi,Alex Michelsen,124.0,44.0,-80.0,0.3,0.6,1
Milos Raonic,Alex De Minaur,319.0,10.0,-309.0,0.5,0.7,0
Andreas Seppi,Jenson Brooksby,100.0,54.0,-46.0,0.3,0.7,0
Jaume Munar,Kevin Anderson,77.0,80.0,3.0,0.1,0.3,1
Denis Shapovalov,Rafael Nadal,14.0,5.0,-9.0,0.7,0.8,0
Dusan Lajovic,Frances Tiafoe,56.0,18.0,-38.0,0.5,0.6,0
Pierre Hugues Herbert,Peter Gojowczyk,113.0,96.0,-17.0,0.2,0.5,1
Emil Ruusuvuori,Borna Gojo,57.0,77.0,20.0,0.4,0.5,1
Daniel Evans,Taro Daniel,180.0,89.0,-91.0,0.4,0.2,1
Max Purcell,Rinky Hijikata,45.0,72.0,27.0,0.2,0.5,1
Fabian Marozsan,Dusan Lajovic,91.0,55.0,-36.0,0.6,0.6,1
Fernando Verdasco,Lorenzo Sonego,201.0,22.0,-179.0,0.3,0.6,0
Jordan Thompson,Ugo Humbert,55.0,20.0,-35.0,0.3,0.8,1
Jozef Kovalik,Alejandro Davidovich Fokina,186.0,35.0,-151.0,0.4,0.4,0
Soon Woo Kwon,Miomir Kecmanovic,74.0,33.0,-41.0,0.4,0.5,0
Felix Auger Aliassime,Dusan Lajovic,9.0,40.0,31.0,0.6,0.7,0
Jan Lennard Struff,Fabian Marozsan,28.0,62.0,34.0,0.3,0.6,1
Luciano Darderi,Mariano Navone,64.0,52.0,-12.0,0.6,0.7,0
Borna Coric,Felix Auger Aliassime,152.0,9.0,-143.0,0.4,0.6,1
Jurij Rodionov,Vasek Pospisil,153.0,150.0,-3.0,0.5555555555555556,0.4,0
Diego Schwartzman,Tomas Machac,14.0,131.0,117.0,0.7,0.6,1
Pedro Cachin,Andrea Vavassori,79.0,148.0,69.0,0.1,0.5,0
Arthur Rinderknech,Denis Shapovalov,61.0,12.0,-49.0,0.7,0.7,1
Juncheng Shang,Corentin Moutet,111.0,88.0,-23.0,0.5,0.5,1
Bernabe Zapata Miralles,Tomas Martin Etcheverry,53.0,32.0,-21.0,0.4,0.6,0
Taro Daniel,Christopher Oconnell,95.0,53.0,-42.0,0.3,0.4,0
Laslo Djere,Fabio Fognini,57.0,66.0,9.0,0.5,0.3,1
Grigor Dimitrov,Jakub Mensik,10.0,65.0,55.0,0.7,0.6,0
Arthur Rinderknech,Tomas Machac,60.0,25.0,-35.0,0.3,0.7,1
Taylor Fritz,Marin Cilic,13.0,22.0,9.0,0.8,0.5,1
Alex Molcan,Sebastian Ofner,120.0,61.0,-59.0,0.3,0.5,1
Pavel Kotov,Lloyd Harris,116.0,298.0,182.0,0.6,0.2,0
Andrey Rublev,Francisco Cerundolo,9.0,37.0,28.0,0.5,0.5,0
Hugo Gaston,Alexei Popyrin,66.0,83.0,17.0,0.5,0.2,1
Marton Fucsovics,Pavel Kotov,47.0,80.0,33.0,0.4,0.5,0
Alexander Zverev,Andy Murray,16.0,70.0,54.0,0.5,0.5,0
Rinky Hijikata,Stefanos Tsitsipas,75.0,6.0,-69.0,0.6,0.4,0
Giovanni Mpetshi Perricard,Karen Khachanov,31.0,21.0,-10.0,0.7,0.8,0
Tallon Griekspoor,Grigor Dimitrov,40.0,9.0,-31.0,0.4,0.6,0
Thanasi Kokkinakis,Fabio Fognini,85.0,52.0,-33.0,0.5,0.6,1
Casper Ruud,Holger Rune,4.0,7.0,3.0,0.7,0.9,0
Novak Djokovic,Holger Rune,1.0,7.0,6.0,0.7,0.9,0
Michael Mmoh,Ben Shelton,115.0,16.0,-99.0,0.7,0.5,0
Fernando Verdasco,Christopher Oconnell,154.0,94.0,-60.0,0.2,0.4,0
Hamad Medjedovic,Marcos Giron,168.0,75.0,-93.0,0.2,0.5,0
Tomas Martin Etcheverry,Sebastian Ofner,34.0,58.0,24.0,0.6,0.5,0
Roberto Bautista Agut,Richard Gasquet,102.0,131.0,29.0,0.4,0.2,1
Leandro Riedi,Andy Murray,152.0,41.0,-111.0,0.2,0.5,0
Daniel Altmaier,Jannik Sinner,93.0,13.0,-80.0,0.2,0.7,0
Sebastian Baez,Cristian Garin,77.0,18.0,-59.0,0.5,0.4,1
Benoit Paire,Henri Laaksonen,46.0,98.0,52.0,0.3,0.7,0
Tomas Machac,Aleksandar Vukic,33.0,91.0,58.0,0.6,0.5,1
Yoshihito Nishioka,Aleksandar Kovacevic,50.0,82.0,32.0,0.8,0.2,0
Jordan Thompson,Giovanni Mpetshi Perricard,33.0,49.0,16.0,0.7,0.6,1
Ricardas Berankis,Denis Shapovalov,99.0,14.0,-85.0,0.5,0.7,0
Grigor Dimitrov,John Millman,26.0,91.0,65.0,0.6,0.4,0
Aleksandar Kovacevic,Frances Tiafoe,76.0,20.0,-56.0,0.4,0.7,0
Soon Woo Kwon,Laslo Djere,64.0,52.0,-12.0,0.6,0.2,0
Lloyd Harris,Albert Ramos,40.0,32.0,-8.0,0.4,0.5,1
Marton Fucsovics,Taylor Fritz,86.0,8.0,-78.0,0.4,0.6,1
Nikoloz Basilashvili,Mackenzie Mcdonald,34.0,72.0,38.0,0.4,0.4,0
Yannick Hanfmann,Yosuke Watanuki,134.0,107.0,-27.0,0.5,0.5,1
Emil Ruusuvuori,Tommy Paul,57.0,13.0,-44.0,0.5,0.7,1
Soon Woo Kwon,Christopher Eubanks,104.0,30.0,-74.0,0.6,0.5,0
Juan Manuel Cerundolo,Diego Schwartzman,114.0,28.0,-86.0,0.4,0.2,1
Jannik Sinner,Stan Wawrinka,6.0,49.0,43.0,0.8,0.7,1
Arthur Rinderknech,Thanasi Kokkinakis,58.0,145.0,87.0,0.4,0.6,0
Jiri Lehecka,Nick Kyrgios,79.0,78.0,-1.0,0.3,0.7,0
Laslo Djere,Grigor Dimitrov,68.0,28.0,-40.0,0.4,0.6,0
Botic Van De Zandschulp,Tomas Machac,22.0,126.0,104.0,0.6,0.5,1
Maxime Cressy,Daniel Evans,75.0,26.0,-49.0,0.7,0.7,0
Jenson Brooksby,Benjamin Bonzi,34.0,47.0,13.0,0.4,0.6,1
Ben Shelton,Juncheng Shang,43.0,149.0,106.0,0.2,0.3,0
Miomir Kecmanovic,Francisco Cerundolo,70.0,100.0,30.0,0.6,0.3,0
Carlos Alcaraz,Nicola Kuhn,6.0,259.0,253.0,0.8,0.2,1
Zhizhen Zhang,Dusan Lajovic,53.0,66.0,13.0,0.5,0.3,1
Andrey Rublev,Francisco Cerundolo,7.0,20.0,13.0,0.9,0.8,1
Juan Pablo Varillas,Alex Michelsen,74.0,133.0,59.0,0.5,0.5555555555555556,0
Alex De Minaur,Dusan Lajovic,22.0,64.0,42.0,0.6,0.4,1
Karen Khachanov,Stefanos Tsitsipas,16.0,3.0,-13.0,0.6,0.7,1
Dominic Thiem,Rafael Nadal,98.0,672.0,574.0,0.5,0.3,0
Francisco Cerundolo,Karen Khachanov,22.0,17.0,-5.0,0.6,0.6,0
Botic Van De Zandschulp,Quentin Halys,35.0,62.0,27.0,0.4,0.5,1
Nuno Borges,Thanasi Kokkinakis,34.0,86.0,52.0,0.6,0.6,1
Alejandro Tabilo,Grigor Dimitrov,22.0,10.0,-12.0,0.2,0.7,0
Alex Michelsen,Thanasi Kokkinakis,75.0,79.0,4.0,0.3,0.3,1
Arthur Fils,Alejandro Davidovich Fokina,43.0,23.0,-20.0,0.4,0.5,1
Taylor Fritz,Stefanos Tsitsipas,12.0,7.0,-5.0,0.5,0.6,1
Stefanos Tsitsipas,Nick Kyrgios,5.0,40.0,35.0,0.8,0.8,0
Alexander Bublik,Casper Ruud,33.0,8.0,-25.0,0.6,0.8,0
Carlos Alcaraz,Roberto Bautista Agut,2.0,25.0,23.0,0.9,0.3,1
Marc Andrea Huesler,Albert Ramos,47.0,51.0,4.0,0.3,0.4,1
Francisco Cerundolo,Filip Misolic,27.0,243.0,216.0,0.5,0.4,1
Thanasi Kokkinakis,Lorenzo Musetti,86.0,19.0,-67.0,0.5,0.7,0
Matteo Arnaldi,Arthur Fils,61.0,48.0,-13.0,0.5,0.3,1
Rinky Hijikata,Thanasi Kokkinakis,71.0,65.0,-6.0,0.5,0.4,1
Maxime Cressy,Jack Sock,45.0,103.0,58.0,0.5,0.4,0
Tomas Machac,Daniil Medvedev,158.0,1.0,-157.0,0.6,0.8,0
Alejandro Tabilo,Filip Krajinovic,139.0,42.0,-97.0,0.375,0.2,0
Alexander Bublik,Jack Draper,31.0,62.0,31.0,0.6,0.6,0
Alexander Shevchenko,Luca Van Assche,48.0,90.0,42.0,0.7,0.4,1
Alexander Zverev,Arthur Fils,19.0,71.0,52.0,0.7,0.5,1
Tommy Paul,Richard Gasquet,34.0,80.0,46.0,0.7,0.4,0
Pedro Martinez,Daniel Altmaier,77.0,54.0,-23.0,0.4,0.4,1
Nicolas Jarry,Hugo Dellien,35.0,160.0,125.0,0.6,0.4,1
Marc Andrea Huesler,Francisco Cerundolo,62.0,28.0,-34.0,0.6,0.2,0
Jiri Lehecka,Laslo Djere,98.0,55.0,-43.0,0.42857142857142855,0.3,0
Sebastian Baez,Miomir Kecmanovic,26.0,55.0,29.0,0.2,0.6,0
Borna Coric,Rafael Nadal,152.0,3.0,-149.0,0.7,0.9,1
Giovanni Mpetshi Perricard,Alexander Bublik,117.0,19.0,-98.0,0.6666666666666666,0.5,1
Otto Virtanen,Mackenzie Mcdonald,125.0,39.0,-86.0,0.4,0.7,1
Jaume Munar,Albert Ramos,70.0,104.0,34.0,0.4,0.3,1
Stefanos Tsitsipas,Botic Van De Zandschulp,7.0,67.0,60.0,0.5,0.5,1
Jiri Lehecka,Sebastian Korda,35.0,33.0,-2.0,0.7,0.5,1
Mariano Navone,Flavio Cobolli,36.0,48.0,12.0,0.3,0.5,0
Dimitar Kuzmanov,Roberto Carballes Baena,207.0,82.0,-125.0,0.6,0.3,0
Aleksandar Vukic,Alexander Bublik,160.0,35.0,-125.0,0.3333333333333333,0.4,1
Yoshihito Nishioka,Lorenzo Sonego,32.0,48.0,16.0,0.4,0.6,0
Juan Pablo Varillas,Sebastian Baez,97.0,40.0,-57.0,0.4,0.4,0
Roman Safiullin,Tallon Griekspoor,36.0,31.0,-5.0,0.6,0.5,0
Sebastian Baez,Jannik Sinner,29.0,4.0,-25.0,0.8,0.9,0
Tomas Martin Etcheverry,Hubert Hurkacz,28.0,9.0,-19.0,0.7,0.7,0
Carlos Alcaraz,Felix Auger Aliassime,1.0,13.0,12.0,0.9,0.6,0
Jiri Vesely,Brandon Nakashima,79.0,68.0,-11.0,0.2,0.6,0
Daniil Medvedev,Adrian Mannarino,5.0,44.0,39.0,0.6,0.4,1
Lloyd Harris,Quentin Halys,167.0,110.0,-57.0,0.3,0.3,0
Karen Khachanov,Sebastian Baez,19.0,40.0,21.0,0.6,0.1,1
Taylor Fritz,Francisco Cerundolo,8.0,23.0,15.0,0.6,0.7,0
Daniil Medvedev,Sebastian Baez,3.0,32.0,29.0,0.7,1.0,1
Kamil Majchrzak,Richard Gasquet,81.0,75.0,-6.0,0.6,0.6,0
Christopher Oconnell,Hugo Gaston,175.0,67.0,-108.0,0.3,0.5,1
Grigor Dimitrov,Denis Shapovalov,18.0,21.0,3.0,0.5,0.1,0
Hugo Dellien,Alex De Minaur,80.0,27.0,-53.0,0.3,0.5,0
Jozef Kovalik,Holger Rune,145.0,13.0,-132.0,0.5,0.7,0
Laslo Djere,Denis Shapovalov,51.0,14.0,-37.0,0.4,0.8,0
Arthur Rinderknech,Alexandre Muller,82.0,84.0,2.0,0.4,0.5,0
Cristian Garin,Dusan Lajovic,17.0,33.0,16.0,0.3,0.3,1
Marc Andrea Huesler,Pedro Martinez,51.0,120.0,69.0,0.4,0.3,0
Pavel Kotov,Tallon Griekspoor,59.0,37.0,-22.0,0.3,0.5,0
Borna Gojo,Maximilian Marterer,112.0,170.0,58.0,0.5,0.3,0
Luca Nardi,Sebastian Korda,73.0,26.0,-47.0,0.4,0.6,0
Novak Djokovic,Daniil Medvedev,5.0,7.0,2.0,0.9,0.6,1
Pablo Carreno Busta,Filip Krajinovic,20.0,42.0,22.0,0.6,0.3,1
Pedro Martinez,Cristian Garin,72.0,103.0,31.0,0.4,0.2,0
Jack Sock,Ilya Ivashka,141.0,74.0,-67.0,0.4,0.5,1
Alexander Shevchenko,Benjamin Bonzi,56.0,126.0,70.0,0.6,0.2,1
Carlos Alcaraz,Albert Ramos,2.0,72.0,70.0,1.0,0.2,1
Michael Mmoh,Filip Krajinovic,113.0,54.0,-59.0,0.3,0.5,0
Richard Gasquet,Borna Gojo,43.0,121.0,78.0,0.5,0.6,1
Aslan Karatsev,Mackenzie Mcdonald,86.0,76.0,-10.0,0.4,0.3,1
Harold Mayot,Christopher Oconnell,114.0,94.0,-20.0,0.3,0.3,0
Steve Johnson,Jannik Sinner,104.0,10.0,-94.0,0.5,0.7,0
Alexander Bublik,Fabio Fognini,32.0,147.0,115.0,0.6,0.5,0
Matteo Berrettini,Daniil Medvedev,7.0,2.0,-5.0,0.7,0.9,0
Cameron Norrie,Taylor Fritz,8.0,12.0,4.0,0.6,0.5,0
Giulio Zeppieri,Zhizhen Zhang,111.0,50.0,-61.0,0.4,0.5,0
Andy Murray,Brandon Nakashima,44.0,70.0,26.0,0.2,0.4,1
Alex De Minaur,Liam Broady,27.0,132.0,105.0,0.5,0.3,1
Yosuke Watanuki,Hubert Hurkacz,121.0,14.0,-107.0,0.4,0.5,0
Aleksandar Vukic,Yoshihito Nishioka,81.0,102.0,21.0,0.5,0.4,1
Frances Tiafoe,Dominik Koepfer,16.0,58.0,42.0,0.5,0.5,0
Arthur Fils,Zhizhen Zhang,112.0,70.0,-42.0,0.8,0.5,1
Luciano Darderi,Sebastian Baez,37.0,23.0,-14.0,0.4,0.6,0
Jack Draper,Jiri Lehecka,15.0,30.0,15.0,0.7,0.6,1
Stefanos Tsitsipas,Jordan Thompson,5.0,76.0,71.0,0.7,0.4,1
Thanasi Kokkinakis,Jaume Munar,104.0,75.0,-29.0,0.4,0.5,1
Jannik Sinner,Diego Schwartzman,8.0,37.0,29.0,0.8,0.3,1
Jannik Sinner,Daniil Medvedev,1.0,5.0,4.0,1.0,0.7,1
Christopher Eubanks,Richard Gasquet,75.0,55.0,-20.0,0.5,0.3,0
Michael Mmoh,Sam Querrey,226.0,114.0,-112.0,0.16666666666666666,0.1,1
Mackenzie Mcdonald,Alexander Bublik,54.0,26.0,-28.0,0.5,0.7,0
Alex Molcan,Andreas Seppi,88.0,102.0,14.0,0.7,0.3,1
Casper Ruud,Zhizhen Zhang,5.0,67.0,62.0,0.7,0.6,0
Karen Khachanov,Francisco Cerundolo,18.0,22.0,4.0,0.7,0.6,1
Tommy Paul,Taylor Fritz,14.0,9.0,-5.0,0.9,0.9,0
Mattia Bellucci,Mackenzie Mcdonald,125.0,93.0,-32.0,0.3333333333333333,0.4,1
Stan Wawrinka,Alexander Shevchenko,45.0,83.0,38.0,0.5,0.3,0
Alexander Zverev,Carlos Alcaraz,6.0,2.0,-4.0,0.7,0.7,0
James Duckworth,Felipe Meligeni Alves,111.0,168.0,57.0,0.4,0.3333333333333333,0
Alexander Ritschard,Pablo Andujar,187.0,211.0,24.0,0.4,0.2,1
Brandon Nakashima,Grigor Dimitrov,76.0,20.0,-56.0,0.4,0.6,0
Grigor Dimitrov,Hubert Hurkacz,29.0,14.0,-15.0,0.6,0.8,1
Dominic Thiem,Sebastian Ofner,81.0,58.0,-23.0,0.7,0.4,0
Lorenzo Sonego,Yannick Hanfmann,46.0,49.0,3.0,0.4,0.4,1
Tommy Paul,Max Purcell,14.0,97.0,83.0,0.7,0.6,1
Arthur Cazaux,Lorenzo Musetti,86.0,26.0,-60.0,0.4,0.4,1
Jan Lennard Struff,Rinky Hijikata,25.0,71.0,46.0,0.4,0.5,1
Tomas Machac,Bernabe Zapata Miralles,119.0,75.0,-44.0,0.4,0.2,1
Yibing Wu,Michael Mmoh,97.0,86.0,-11.0,0.75,0.4,1
Alexander Zverev,Jesper De Jong,4.0,114.0,110.0,0.9,0.25,1
Frances Tiafoe,Filip Krajinovic,12.0,93.0,81.0,0.7,0.1,1
Stefanos Tsitsipas,Felix Auger Aliassime,6.0,19.0,13.0,0.7,0.8,1
Daniel Evans,David Goffin,27.0,47.0,20.0,0.4,0.8,0
Nikoloz Basilashvili,Andrey Rublev,25.0,8.0,-17.0,0.5,0.7,1
Carlos Alcaraz,Tomas Machac,3.0,35.0,32.0,0.7,0.5,1
Cameron Norrie,Flavio Cobolli,31.0,63.0,32.0,0.6,0.5,1
Roberto Carballes Baena,Hugo Dellien,51.0,157.0,106.0,0.7,0.5,1
Alexandre Muller,Matteo Arnaldi,90.0,35.0,-55.0,0.6,0.6,0
Nicolas Jarry,Fabian Marozsan,24.0,58.0,34.0,0.5,0.4,0
Jakub Mensik,Joao Fonseca,48.0,145.0,97.0,0.6,0.7,0
Gael Monfils,Max Purcell,54.0,71.0,17.0,0.5,0.4,1
Mackenzie Mcdonald,Bernabe Zapata Miralles,54.0,42.0,-12.0,0.5,0.4,0
Daniel Evans,Carlos Alcaraz,33.0,2.0,-31.0,0.5,0.8,0
Marton Fucsovics,Alexander Bublik,80.0,21.0,-59.0,0.4,0.8,0
Taylor Fritz,Marcos Giron,9.0,52.0,43.0,0.8,0.6,1
Casper Ruud,Max Purcell,7.0,70.0,63.0,0.7,0.3,0
Elias Ymer,Miomir Kecmanovic,168.0,53.0,-115.0,0.2,0.4,0
Jiri Lehecka,Tommy Paul,37.0,15.0,-22.0,0.5,0.6,1
Ilya Ivashka,Steve Johnson,53.0,91.0,38.0,0.6,0.6,1
Pavel Kotov,Christopher Oconnell,114.0,87.0,-27.0,0.4,0.3,1
Gael Monfils,Novak Djokovic,211.0,2.0,-209.0,0.7,0.9,0
Alex Molcan,Stan Wawrinka,53.0,139.0,86.0,0.3,0.5,1
Alex De Minaur,Karen Khachanov,32.0,26.0,-6.0,0.7,0.7,0
Novak Djokovic,Karen Khachanov,1.0,26.0,25.0,0.8,0.7,1
Rafael Nadal,Denis Shapovalov,4.0,16.0,12.0,0.8,0.6,0
Gilles Simon,Jo-Wilfried Tsonga,132.0,243.0,111.0,0.4,0.1,0
Marin Cilic,Jo-Wilfried Tsonga,22.0,254.0,232.0,0.4,0.2,1
Marcos Giron,Sebastian Baez,45.0,20.0,-25.0,0.6,0.6,0
Alexei Popyrin,Hubert Hurkacz,101.0,11.0,-90.0,0.4,0.8,0
Filip Krajinovic,Carlos Alcaraz,43.0,6.0,-37.0,0.7,0.7,0
Pablo Andujar,Daniel Evans,73.0,26.0,-47.0,0.5,0.4,1
Jakub Mensik,Ben Shelton,81.0,16.0,-65.0,0.7,0.6,0
Brandon Nakashima,Sebastian Baez,65.0,18.0,-47.0,0.6,0.5,1
Botic Van De Zandschulp,Marton Fucsovics,56.0,38.0,-18.0,0.7,0.4,0
Jaume Munar,Ben Shelton,82.0,20.0,-62.0,0.5,0.7,0
John Isner,Diego Schwartzman,23.0,14.0,-9.0,0.5,0.8,1
Pablo Andujar,Tomas Martin Etcheverry,323.0,59.0,-264.0,0.2,0.6,0
Brandon Nakashima,Shintaro Mochizuki,47.0,401.0,354.0,0.7,0.0,1
Pavel Kotov,Lorenzo Musetti,67.0,27.0,-40.0,0.7,0.3,1
John Isner,Emilio Nava,46.0,182.0,136.0,0.4,0.125,0
Gael Monfils,Hubert Hurkacz,54.0,8.0,-46.0,0.6,0.7,1
Albert Ramos,Nicolas Jarry,40.0,118.0,78.0,0.3,0.3333333333333333,1
Jason Kubler,Fabio Fognini,69.0,130.0,61.0,0.5,0.4,0
Jaume Munar,Chun Hsin Tseng,57.0,85.0,28.0,0.4,0.2,1
Karen Khachanov,Alex Bolt,15.0,323.0,308.0,0.7,0.2,1
Filip Krajinovic,Diego Schwartzman,36.0,13.0,-23.0,0.4,0.6,0
David Goffin,Lorenzo Musetti,66.0,18.0,-48.0,0.7,0.7,1
Alex Michelsen,Learner Tien,41.0,122.0,81.0,0.5,0.42857142857142855,0
Grigor Dimitrov,Diego Schwartzman,20.0,15.0,-5.0,0.7,0.6,1
Alex De Minaur,Lloyd Harris,25.0,40.0,15.0,0.7,0.5,1
Jack Draper,Maximilian Marterer,82.0,97.0,15.0,0.6,0.7,1
Ugo Humbert,Karen Khachanov,18.0,21.0,3.0,0.6,0.9,1
Richard Gasquet,Alexandre Muller,124.0,90.0,-34.0,0.2,0.5,0
Thiago Seyboth Wild,Fabio Fognini,74.0,147.0,73.0,0.4,0.5,0
Frances Tiafoe,Aslan Karatsev,10.0,75.0,65.0,0.7,0.6,1
Novak Djokovic,Laslo Djere,2.0,38.0,36.0,1.0,0.8,1
Benjamin Bonzi,Dominic Stricker,108.0,128.0,20.0,0.4,0.5,0
Frances Tiafoe,Flavio Cobolli,15.0,72.0,57.0,0.5,0.7,1
Felix Auger Aliassime,Gilles Simon,8.0,188.0,180.0,1.0,0.5,1
Taro Daniel,Tommy Paul,125.0,43.0,-82.0,0.3,0.8,0
Ugo Humbert,Nicolas Jarry,28.0,20.0,-8.0,0.7,0.7,1
Holger Rune,J J Wolf,28.0,99.0,71.0,0.3,0.4,0
Christopher Eubanks,Arthur Rinderknech,77.0,85.0,8.0,0.6,0.5,1
Jenson Brooksby,Karen Khachanov,43.0,26.0,-17.0,0.6,0.6,1
Matteo Berrettini,Sebastian Baez,15.0,37.0,22.0,0.6,0.3,1
Pedro Martinez,Ramkumar Ramanathan,62.0,435.0,373.0,0.2,0.2,1
Zsombor Piros,Fabian Marozsan,121.0,62.0,-59.0,0.625,0.5,0
Tommy Paul,Botic Van De Zandschulp,12.0,60.0,48.0,0.6,0.5,0
Tomas Machac,Emil Ruusuvuori,50.0,71.0,21.0,0.6,0.5,1
Borna Coric,Benjamin Hassan,34.0,159.0,125.0,0.5,0.4,1
Alexander Bublik,J J Wolf,48.0,50.0,2.0,0.4,0.5,0
Tallon Griekspoor,Lucas Pouille,60.0,154.0,94.0,0.6,0.2,0
Daniel Evans,Roman Safiullin,27.0,55.0,28.0,0.7,0.5,0
Abedallah Shelbayh,Hugo Gaston,215.0,83.0,-132.0,0.14285714285714285,0.5,1
Francisco Cerundolo,Tommy Paul,27.0,14.0,-13.0,0.6,0.7,1
Casper Ruud,Nuno Borges,12.0,47.0,35.0,0.7,0.7,1
Giovanni Mpetshi Perricard,Sebastian Korda,58.0,21.0,-37.0,0.6,0.8,1
Christopher Oconnell,Roberto Bautista Agut,94.0,28.0,-66.0,0.3,0.6,1
Daniil Medvedev,Gael Monfils,5.0,46.0,41.0,0.4,0.5,1
Daniel Evans,Arthur Fils,27.0,44.0,17.0,0.7,0.4,1
Daniil Medvedev,Stefan Kozlov,1.0,111.0,110.0,0.7,0.4,1
Andrey Rublev,Jiri Lehecka,6.0,38.0,32.0,0.7,0.8,1
Christopher Oconnell,Jordan Thompson,175.0,75.0,-100.0,0.2,0.4,0
Ben Shelton,Reilly Opelka,17.0,306.0,289.0,0.6,0.5,1
Felix Auger Aliassime,Constant Lestienne,31.0,100.0,69.0,0.5,0.3,1
Daniel Altmaier,Stan Wawrinka,91.0,135.0,44.0,0.2,0.3,0
Oscar Otte,Holger Rune,62.0,70.0,8.0,0.4,0.4,0
Zizou Bergs,Laslo Djere,73.0,57.0,-16.0,0.4,0.2,0
Zizou Bergs,Jason Kubler,134.0,97.0,-37.0,0.25,0.6,0
Sebastian Baez,Cameron Norrie,38.0,11.0,-27.0,0.6,0.6,0
Holger Rune,Casper Ruud,40.0,8.0,-32.0,0.9,0.9,0
Alexander Zverev,Tallon Griekspoor,17.0,61.0,44.0,0.6,0.8,0
Jason Kubler,Rafael Nadal,102.0,672.0,570.0,0.3,0.4,0
Alexander Zverev,Alejandro Tabilo,5.0,32.0,27.0,0.7,0.5,1
Yasutaka Uchiyama,Frances Tiafoe,314.0,19.0,-295.0,0.2,0.8,0
Miomir Kecmanovic,Cameron Norrie,40.0,13.0,-27.0,0.3,0.7,0
Carlos Alcaraz,Jannik Sinner,2.0,13.0,11.0,0.8,0.8,1
Aslan Karatsev,Diego Schwartzman,38.0,16.0,-22.0,0.5,0.4,0
Benjamin Hassan,Yoshihito Nishioka,152.0,84.0,-68.0,0.4444444444444444,0.5,0
Jannik Sinner,Pavel Kotov,2.0,56.0,54.0,0.8,0.5,1
Alexander Bublik,Dimitar Kuzmanov,29.0,179.0,150.0,0.6,0.5,1
Novak Djokovic,Jannik Sinner,1.0,4.0,3.0,1.0,0.9,0
Andrey Rublev,Daniil Medvedev,8.0,3.0,-5.0,0.7,0.8,0
Pablo Cuevas,Roberto Carballes Baena,107.0,100.0,-7.0,0.1,0.4,1
Nuno Borges,John Isner,80.0,90.0,10.0,0.4,0.4,1
Tomas Machac,David Goffin,39.0,83.0,44.0,0.6,0.3,1
Roberto Bautista Agut,Taro Daniel,122.0,83.0,-39.0,0.5,0.3,1
Thiago Monteiro,Elias Ymer,119.0,160.0,41.0,0.4,0.2,1
Yibing Wu,Alex De Minaur,86.0,13.0,-73.0,0.2,0.7,0
Jaume Munar,Tim Van Rijthoven,55.0,113.0,58.0,0.3,0.5,1
Bjorn Fratangelo,Gael Monfils,695.0,323.0,-372.0,0.375,0.2,0
Francisco Cerundolo,Otto Virtanen,31.0,109.0,78.0,0.5,0.4,1
Hubert Hurkacz,Tommy Paul,11.0,19.0,8.0,0.8,0.7,0
Jaume Munar,Jan Lennard Struff,73.0,24.0,-49.0,0.4,0.7,0
Thanasi Kokkinakis,Hubert Hurkacz,69.0,17.0,-52.0,0.4,0.7,0
Jiri Vesely,Andrey Rublev,123.0,7.0,-116.0,0.4,0.9,0
Dusan Lajovic,Daniil Medvedev,66.0,5.0,-61.0,0.5,0.7,0
Fabian Marozsan,Alex De Minaur,57.0,10.0,-47.0,0.5,0.8,1
Felix Auger Aliassime,Lorenzo Musetti,19.0,16.0,-3.0,0.6,0.9,0
David Goffin,Damir Dzumhur,74.0,145.0,71.0,0.7,0.4,1
Lorenzo Sonego,Marc Andrea Huesler,50.0,152.0,102.0,0.5,0.4,1
Holger Rune,Grigor Dimitrov,6.0,24.0,18.0,0.8,0.7,1
Karen Khachanov,Jan Lennard Struff,26.0,122.0,96.0,0.7,0.1,1
Lorenzo Sonego,Ugo Humbert,49.0,16.0,-33.0,0.3,0.5,1
Jordan Thompson,Tommy Paul,42.0,14.0,-28.0,0.7,0.8,0
Luciano Darderi,Pedro Martinez,37.0,48.0,11.0,0.6,0.4,1
Holger Rune,Denis Shapovalov,40.0,15.0,-25.0,0.8,0.5,1
Pavel Kotov,Tallon Griekspoor,109.0,25.0,-84.0,0.4,0.5,1
Marton Fucsovics,Thanasi Kokkinakis,35.0,99.0,64.0,0.5,0.7,1
Pablo Carreno Busta,Casper Ruud,19.0,7.0,-12.0,0.6,0.8,1
Andrey Rublev,Daniel Evans,7.0,28.0,21.0,0.8,0.7,1
Pierre Hugues Herbert,James Duckworth,139.0,101.0,-38.0,0.5,0.5,0
Hubert Hurkacz,Roberto Bautista Agut,8.0,90.0,82.0,0.7,0.4,1
Novak Djokovic,Alex De Minaur,1.0,11.0,10.0,0.7,0.8,1
Christopher Eubanks,Oscar Otte,104.0,80.0,-24.0,0.4,0.2,0
Casper Ruud,Stefanos Tsitsipas,6.0,7.0,1.0,0.8,0.8,1
Arthur Fils,Roman Safiullin,34.0,44.0,10.0,0.5,0.2,1
Carlos Alcaraz,Li Tu,3.0,186.0,183.0,0.7,0.125,1
Daniel Elahi Galan,Maxime Cressy,124.0,173.0,49.0,0.2,0.2,1
Jaume Munar,Marc Andrea Huesler,83.0,60.0,-23.0,0.4,0.4,1
Daniel Altmaier,Oscar Otte,59.0,61.0,2.0,0.2,0.5,0
Kyle Edmund,Jannik Sinner,582.0,15.0,-567.0,0.4,0.6,0
Sebastian Ofner,Alexander Zverev,44.0,5.0,-39.0,0.3,0.7,0
Alejandro Davidovich Fokina,Sebastian Korda,29.0,27.0,-2.0,0.5,0.5,0
Borna Coric,Sebastian Baez,29.0,42.0,13.0,0.5,0.8,0
Marc Andrea Huesler,Alexander Zverev,53.0,14.0,-39.0,0.5,0.6,1
Stan Wawrinka,Bernabe Zapata Miralles,53.0,81.0,28.0,0.3,0.3,1
Karen Khachanov,Novak Djokovic,19.0,7.0,-12.0,0.6,1.0,0
Zizou Bergs,Luca Van Assche,103.0,99.0,-4.0,0.5,0.4,0
Tommy Paul,Felipe Meligeni Alves,14.0,177.0,163.0,0.6,0.3333333333333333,1
Milos Raonic,Jesper De Jong,309.0,141.0,-168.0,0.6,0.2,1
Alexander Bublik,Emil Ruusuvuori,44.0,51.0,7.0,0.5,0.5,1
Jack Draper,Thanasi Kokkinakis,106.0,74.0,-32.0,0.6,0.4,1
Arthur Rinderknech,Juncheng Shang,68.0,73.0,5.0,0.5,0.6,1
Tommy Paul,Denis Shapovalov,35.0,15.0,-20.0,0.3,0.4,1
Daniel Elahi Galan,Brandon Nakashima,109.0,56.0,-53.0,0.4,0.5,0
Alexei Popyrin,Soon Woo Kwon,28.0,340.0,312.0,0.8,0.2,1
Alexander Bublik,Pablo Carreno Busta,47.0,15.0,-32.0,0.7,0.8,0
Dennis Novak,Soon Woo Kwon,143.0,65.0,-78.0,0.3,0.6,0
Casper Ruud,Jan Lennard Struff,4.0,100.0,96.0,0.7,0.5,0
Francisco Cerundolo,Casper Ruud,21.0,8.0,-13.0,0.5,0.6,1
Hubert Hurkacz,Jannik Sinner,11.0,10.0,-1.0,0.7,0.9,1
Fabian Marozsan,Ugo Humbert,47.0,15.0,-32.0,0.4,0.5,0
Filip Misolic,Jozef Kovalik,139.0,159.0,20.0,0.625,0.3,1
Casper Ruud,Emil Ruusuvuori,7.0,73.0,66.0,0.7,0.5,1
Jaume Munar,Facundo Bagnis,74.0,207.0,133.0,0.5,0.5,0
Yibing Wu,Taylor Fritz,97.0,8.0,-89.0,0.6,0.6,1
Gijs Brouwer,Adrian Mannarino,232.0,21.0,-211.0,0.2,0.1,1
Christopher Eubanks,Pedro Martinez,44.0,46.0,2.0,0.2,0.5,1
Facundo Bagnis,Francisco Cerundolo,76.0,107.0,31.0,0.3,0.1,0
Cameron Norrie,Jiri Lehecka,12.0,78.0,66.0,0.7,0.6,1
Dominic Thiem,Roberto Bautista Agut,339.0,20.0,-319.0,0.1,0.7,1
Thanasi Kokkinakis,Yannick Hanfmann,103.0,126.0,23.0,0.8,0.4,0
Francisco Cerundolo,Cameron Norrie,33.0,14.0,-19.0,0.5,0.8,1
Jenson Brooksby,Denis Shapovalov,46.0,24.0,-22.0,0.5,0.5,0
Yoshihito Nishioka,Mackenzie Mcdonald,36.0,63.0,27.0,0.6,0.7,1
Sebastian Korda,Nuno Borges,28.0,86.0,58.0,0.6,0.4,1
Richard Gasquet,Mikael Ymer,50.0,53.0,3.0,0.4,0.4,0
Max Purcell,Christopher Oconnell,66.0,93.0,27.0,0.4,0.4,1
Ugo Humbert,Casper Ruud,15.0,10.0,-5.0,0.8,0.7,0
Jannik Sinner,Tomas Martin Etcheverry,1.0,37.0,36.0,0.9,0.5,1
Federico Delbonis,Casper Ruud,42.0,8.0,-34.0,0.4,0.7,0
Francisco Cerundolo,Mackenzie Mcdonald,19.0,64.0,45.0,0.8,0.5,1
Carlos Alcaraz,Tommy Paul,1.0,13.0,12.0,0.8,0.7,1
Guido Pella,Hugo Dellien,1018.0,138.0,-880.0,0.5,0.4,0
Laslo Djere,Pedro Martinez,113.0,39.0,-74.0,0.3,0.2,1
Nuno Borges,Timofey Skatov,51.0,223.0,172.0,0.5,0.5,1
Denis Shapovalov,Ben Shelton,139.0,14.0,-125.0,0.5,0.5,0
Marton Fucsovics,Taylor Fritz,75.0,10.0,-65.0,0.5,0.8,0
Hubert Hurkacz,Frances Tiafoe,11.0,17.0,6.0,0.6,0.7,1
Laslo Djere,Alex Molcan,55.0,65.0,10.0,0.4,0.6,0
Jannik Sinner,Tallon Griekspoor,1.0,27.0,26.0,0.9,0.7,1
Jiri Vesely,Denis Shapovalov,123.0,14.0,-109.0,0.4,0.7,1
Juan Pablo Varillas,Sebastian Baez,119.0,21.0,-98.0,0.2,1.0,0
Alex Michelsen,Constant Lestienne,74.0,104.0,30.0,0.4,0.3,1
Ben Shelton,Pedro Cachin,47.0,66.0,19.0,0.5,0.6,1
Roberto Bautista Agut,Hubert Hurkacz,66.0,11.0,-55.0,0.4,0.7,0
Juan Pablo Varillas,Nicolas Jarry,87.0,20.0,-67.0,0.4,0.5,0
Michael Mmoh,Felix Auger Aliassime,119.0,12.0,-107.0,0.5,0.4,1
Lorenzo Sonego,Ugo Humbert,56.0,36.0,-20.0,0.5,0.5,0
Bernabe Zapata Miralles,Tomas Barrios Vera,76.0,212.0,136.0,0.2,0.16666666666666666,0
Roberto Carballes Baena,Alex De Minaur,54.0,9.0,-45.0,0.6,0.8,0
Christopher Oconnell,Andy Murray,158.0,89.0,-69.0,0.4,0.6,0
Carlos Taberner,Sebastian Korda,94.0,37.0,-57.0,0.4,0.6,1
Luca Van Assche,Casper Ruud,80.0,8.0,-72.0,0.5,0.8,0
Matteo Berrettini,Taro Daniel,23.0,103.0,80.0,0.5,0.6,0
Daniel Elahi Galan,Marcos Giron,90.0,80.0,-10.0,0.4,0.4,0
Hubert Hurkacz,Taylor Fritz,10.0,9.0,-1.0,0.6,0.5,0
Alex Molcan,Federico Coria,38.0,54.0,16.0,0.8,0.6,1
Diego Schwartzman,Francisco Cerundolo,15.0,107.0,92.0,0.7,0.2,1
Lorenzo Sonego,Cameron Norrie,55.0,28.0,-27.0,0.4,0.6,0
Sebastian Baez,Holger Rune,74.0,88.0,14.0,0.4,0.3,1
Yoshihito Nishioka,Novak Djokovic,99.0,1.0,-98.0,0.5,0.8,0
Jack Draper,Jenson Brooksby,48.0,41.0,-7.0,0.6,0.6,1
Grigor Dimitrov,Dusan Lajovic,10.0,56.0,46.0,0.7,0.6,1
Stefanos Tsitsipas,Richard Gasquet,3.0,40.0,37.0,0.7,0.5,1
Facundo Bagnis,Juan Manuel Cerundolo,207.0,148.0,-59.0,0.3,0.4,1
Pedro Martinez,Juan Ignacio Londero,61.0,139.0,78.0,0.5,0.0,0
Marco Cecchinato,Facundo Bagnis,91.0,94.0,3.0,0.5,0.3,1
Jack Draper,Taro Daniel,42.0,78.0,36.0,0.6,0.3,1
Fabian Marozsan,Carlos Alcaraz,58.0,2.0,-56.0,0.5,0.7,0
Andrey Rublev,Diego Schwartzman,8.0,21.0,13.0,0.8,0.4,1
Taylor Fritz,Alejandro Davidovich Fokina,13.0,46.0,33.0,0.8,0.4,0
Joao Sousa,Cristian Garin,162.0,103.0,-59.0,0.2,0.3,1
Tallon Griekspoor,Carlos Alcaraz,40.0,3.0,-37.0,0.6,0.6,0
Lorenzo Musetti,Felix Auger Aliassime,83.0,9.0,-74.0,0.5,0.6,1
Max Purcell,Andy Murray,202.0,52.0,-150.0,0.4,0.6,0
Roman Safiullin,Nicolas Jarry,112.0,51.0,-61.0,0.1,0.7,1
Botic Van De Zandschulp,Zhizhen Zhang,44.0,52.0,8.0,0.3,0.6,1
Alexander Zverev,Nuno Borges,5.0,53.0,48.0,0.7,0.4,1
Cristian Garin,Casper Ruud,97.0,4.0,-93.0,0.3,0.5,1
Jenson Brooksby,Yoshihito Nishioka,37.0,96.0,59.0,0.6,0.4,0
Jan Lennard Struff,Sebastian Baez,25.0,19.0,-6.0,0.4,0.8,1
Mariano Navone,Rafael Nadal,36.0,261.0,225.0,0.4,0.6,0
Luca Van Assche,Aleksandar Vukic,65.0,51.0,-14.0,0.4,0.6,0
Joao Sousa,Ilya Ivashka,79.0,50.0,-29.0,0.5,0.4,1
Botic Van De Zandschulp,Marcos Giron,29.0,68.0,39.0,0.6,0.6,1
Yi Zhou,Yoshihito Nishioka,440.0,60.0,-380.0,0.3,0.5,1
Pablo Andujar,Cameron Norrie,100.0,12.0,-88.0,0.3,0.6,0
Hubert Hurkacz,Christopher Oconnell,8.0,68.0,60.0,0.7,0.5,1
Kamil Majchrzak,Alexander Bublik,81.0,41.0,-40.0,0.5,0.4,1
John Isner,Jenson Brooksby,25.0,43.0,18.0,0.7,0.5,0
Luca Nardi,Novak Djokovic,123.0,1.0,-122.0,0.2,0.7,1
Enzo Couacaud,Novak Djokovic,191.0,5.0,-186.0,0.2,1.0,0
Aleksandar Vukic,Miomir Kecmanovic,91.0,41.0,-50.0,0.4,0.4,0
Tomas Martin Etcheverry,Matteo Arnaldi,37.0,29.0,-8.0,0.4,0.5,1
Cem Ilkel,Max Purcell,259.0,45.0,-214.0,0.3333333333333333,0.2,1
Ugo Humbert,Denis Shapovalov,77.0,30.0,-47.0,0.6,0.5,1
Francisco Cerundolo,Aslan Karatsev,30.0,37.0,7.0,0.6,0.4,1
Gael Monfils,Grigor Dimitrov,33.0,10.0,-23.0,0.5,0.6,0
Jordan Thompson,Jaume Munar,33.0,73.0,40.0,0.5,0.4,1
Richard Gasquet,Felix Auger Aliassime,82.0,10.0,-72.0,0.6,0.7,0
Grigor Dimitrov,Christopher Oconnell,20.0,53.0,33.0,0.6,0.5,1
Nicolas Jarry,Alexander Zverev,24.0,5.0,-19.0,0.5,0.7,0
Taro Daniel,Carlos Alcaraz,112.0,1.0,-111.0,0.6,0.8,0
Miomir Kecmanovic,Marin Cilic,61.0,24.0,-37.0,0.7,0.6,1
Tallon Griekspoor,Stefano Travaglia,39.0,282.0,243.0,0.3,0.3,1
Lorenzo Musetti,Holger Rune,26.0,7.0,-19.0,0.4,0.7,0
Sebastian Korda,Karen Khachanov,36.0,18.0,-18.0,0.8,0.7,1
Sebastian Baez,Borna Coric,32.0,23.0,-9.0,0.9,0.6,1
Pablo Carreno Busta,Alejandro Tabilo,20.0,139.0,119.0,0.6,0.3333333333333333,1
Bernabe Zapata Miralles,Taro Daniel,80.0,95.0,15.0,0.5,0.3,1
Daniel Altmaier,Miomir Kecmanovic,67.0,38.0,-29.0,0.3,0.8,0
Hugo Grenier,Maximilian Marterer,151.0,99.0,-52.0,0.3,0.5,1
Jack Sock,Stefanos Tsitsipas,147.0,5.0,-142.0,0.5,0.7,0
Soon Woo Kwon,Mackenzie Mcdonald,120.0,78.0,-42.0,0.4,0.4,1
Jaume Munar,Tomas Martin Etcheverry,90.0,127.0,37.0,0.4,0.3333333333333333,1
David Goffin,Alex De Minaur,47.0,34.0,-13.0,0.3,0.6,0
Lorenzo Musetti,Jack Draper,17.0,18.0,1.0,0.6,0.7,0
Arthur Fils,Jakub Mensik,20.0,48.0,28.0,0.7,0.7,1
Jordan Thompson,Aleksandar Vukic,55.0,62.0,7.0,0.4,0.3,1
Tomas Machac,Roman Safiullin,115.0,163.0,48.0,0.6,0.4,0
Marcos Giron,Arthur Rinderknech,47.0,62.0,15.0,0.4,0.4,1
Luca Van Assche,Pavel Kotov,80.0,67.0,-13.0,0.4,0.4,1
Jannik Sinner,Bu Yunchaokete,1.0,96.0,95.0,0.9,0.6,1
Soon Woo Kwon,Alejandro Davidovich Fokina,112.0,25.0,-87.0,0.3,0.5,0
Hubert Hurkacz,Hugo Dellien,14.0,81.0,67.0,0.7,0.3,1
Alex Michelsen,Tommy Paul,80.0,17.0,-63.0,0.6,0.7,0
Ugo Humbert,Denis Shapovalov,46.0,16.0,-30.0,0.2,0.5,0
Lorenzo Sonego,Jannik Sinner,52.0,4.0,-48.0,0.6,0.9,0
Denis Shapovalov,Nuno Borges,78.0,33.0,-45.0,0.8,0.5,1
Cameron Norrie,Tommy Paul,13.0,41.0,28.0,0.4,0.7,1
Tomas Machac,Novak Djokovic,44.0,1.0,-43.0,0.6,0.7,1
Constant Lestienne,Lorenzo Musetti,92.0,25.0,-67.0,0.3,0.8,0
Juan Pablo Varillas,Hubert Hurkacz,94.0,14.0,-80.0,0.4,0.6,1
Aslan Karatsev,Ben Shelton,50.0,19.0,-31.0,0.7,0.9,0
Felix Auger Aliassime,Alex Molcan,9.0,65.0,56.0,0.7,0.4,0
Michael Mmoh,Tommy Paul,86.0,23.0,-63.0,0.6,0.7,0
Stefanos Tsitsipas,Filip Krajinovic,7.0,46.0,39.0,0.7,0.6,1
Reilly Opelka,James Duckworth,371.0,81.0,-290.0,0.5,0.5,1
Lucas Pouille,Karen Khachanov,174.0,26.0,-148.0,0.4,0.4,1
Federico Coria,David Goffin,60.0,74.0,14.0,0.6,0.6,0
Alex Michelsen,Lloyd Harris,55.0,118.0,63.0,0.4,0.2,0
Emil Ruusuvuori,Mikael Ymer,46.0,77.0,31.0,0.5,0.6,0
Steve Johnson,Aleksandar Vukic,84.0,160.0,76.0,0.5,0.25,0
Tallon Griekspoor,Sumit Nagal,40.0,73.0,33.0,0.4,0.2,1
Alex De Minaur,Holger Rune,10.0,13.0,3.0,0.8,0.7,0
Alex De Minaur,Gael Monfils,12.0,211.0,199.0,0.9,0.6,0
Sebastian Korda,Alejandro Davidovich Fokina,38.0,43.0,5.0,0.6,0.4,1
Aleksandar Vukic,Ugo Humbert,82.0,38.0,-44.0,0.3,0.5,1
Francesco Passaro,Aslan Karatsev,115.0,124.0,9.0,0.25,0.3,1
Marin Cilic,Filip Krajinovic,17.0,48.0,31.0,0.8,0.6,0
Miomir Kecmanovic,Emilio Gomez,33.0,102.0,69.0,0.5,0.2,0
Daniel Elahi Galan,Marco Cecchinato,76.0,108.0,32.0,0.4,0.3,1
Alex De Minaur,Ugo Humbert,34.0,35.0,1.0,0.4,0.4,1
Alexander Zverev,Taylor Fritz,4.0,12.0,8.0,0.7,0.5,0
Mikael Ymer,Gregoire Barrere,100.0,167.0,67.0,0.6,0.2,1
Christopher Eubanks,Yannick Hanfmann,32.0,53.0,21.0,0.5,0.3,1
Jaume Munar,Diego Schwartzman,90.0,15.0,-75.0,0.4,0.6,0
Daniil Medvedev,Carlos Alcaraz,5.0,3.0,-2.0,0.5,0.8,0
J J Wolf,Alejandro Tabilo,87.0,71.0,-16.0,0.5,0.5,1
Novak Djokovic,Tim Van Rijthoven,3.0,104.0,101.0,0.9,1.0,1
Adrian Mannarino,Yannick Hanfmann,43.0,48.0,5.0,0.6,0.7,1
Sebastian Baez,Lorenzo Musetti,60.0,68.0,8.0,0.5,0.6,0
Alexander Zverev,Dominik Koepfer,6.0,62.0,56.0,0.8,0.6,1
Maxime Cressy,Marton Fucsovics,32.0,98.0,66.0,0.6,0.4,0
Mackenzie Mcdonald,Nikoloz Basilashvili,49.0,21.0,-28.0,0.3,0.2,1
Alejandro Davidovich Fokina,Jiri Vesely,37.0,68.0,31.0,0.5,0.5,0
Ugo Humbert,Gustavo Heide,15.0,178.0,163.0,0.5,0.3333333333333333,0
Marton Fucsovics,Alex De Minaur,35.0,30.0,-5.0,0.6,0.7,0
Francesco Passaro,Albert Ramos,126.0,72.0,-54.0,0.4,0.2,0
Alex Michelsen,Tomas Machac,65.0,44.0,-21.0,0.4,0.8,0
Laslo Djere,Maxime Cressy,62.0,69.0,7.0,0.5,0.4,1
Soon Woo Kwon,Andrey Rublev,81.0,11.0,-70.0,0.3,0.6,0
Dominic Thiem,Adrian Mannarino,102.0,68.0,-34.0,0.3,0.6,0
Marc Andrea Huesler,Ilya Ivashka,102.0,51.0,-51.0,0.2222222222222222,0.6,1
Marin Cilic,Tommy Paul,29.0,41.0,12.0,0.4,0.9,1
Ugo Humbert,Matteo Arnaldi,16.0,35.0,19.0,0.5,0.6,0
Daniel Evans,Alex De Minaur,184.0,10.0,-174.0,0.3,0.7,0
Aleksandar Vukic,Jannik Sinner,144.0,10.0,-134.0,0.5,0.6,0
Sebastian Korda,Yosuke Watanuki,31.0,138.0,107.0,0.7,0.5,1
Jannik Sinner,Holger Rune,4.0,8.0,4.0,0.8,0.5,1
Tommy Paul,Luciano Darderi,13.0,34.0,21.0,0.9,0.5,1
Thanasi Kokkinakis,Hubert Hurkacz,94.0,9.0,-85.0,0.6,0.7,0
Frances Tiafoe,Tomas Machac,17.0,75.0,58.0,0.3,0.6,0
Dusan Lajovic,Filip Misolic,53.0,228.0,175.0,0.4,0.4,1
John Isner,Jordan Thompson,106.0,55.0,-51.0,0.4,0.6,0
Aslan Karatsev,Francisco Cerundolo,40.0,39.0,-1.0,0.3,0.5,0
Andy Murray,Radu Albot,55.0,109.0,54.0,0.6,0.5,1
Aleksandar Kovacevic,Arthur Rinderknech,91.0,66.0,-25.0,0.1,0.5,1
Corentin Moutet,Yibing Wu,73.0,89.0,16.0,0.4,0.3,0
Aslan Karatsev,Jason Kubler,35.0,102.0,67.0,0.6,0.2,0
Holger Rune,Lorenzo Sonego,31.0,45.0,14.0,0.5,0.6,1
Flavio Cobolli,Daniil Medvedev,32.0,5.0,-27.0,0.7,0.5,0
Yoshihito Nishioka,Hady Habib,84.0,304.0,220.0,0.4,0.6,1
Sam Querrey,Ricardas Berankis,157.0,106.0,-51.0,0.4,0.5,0
Flavio Cobolli,Rafael Nadal,62.0,644.0,582.0,0.4,0.4,0
Arthur Rinderknech,Christopher Oconnell,97.0,71.0,-26.0,0.4,0.3,0
Holger Rune,Jiri Lehecka,14.0,34.0,20.0,0.6,0.6,1
Lorenzo Musetti,Jakub Mensik,17.0,81.0,64.0,0.8,0.5,1
Thiago Seyboth Wild,Andrey Rublev,68.0,6.0,-62.0,0.5,0.7,0
Luca Nardi,Zhizhen Zhang,123.0,50.0,-73.0,0.3,0.5,1
J J Wolf,Luca Van Assche,46.0,79.0,33.0,0.4,0.4,1
Taylor Fritz,Rinky Hijikata,9.0,84.0,75.0,0.7,0.5,1
Bernabe Zapata Miralles,Dennis Novak,126.0,117.0,-9.0,0.3,0.2,1
Roberto Carballes Baena,Taro Daniel,59.0,113.0,54.0,0.4,0.5,1
Reilly Opelka,Brandon Nakashima,25.0,68.0,43.0,0.2,0.6,1
Karen Khachanov,Emil Ruusuvuori,15.0,69.0,54.0,0.6,0.6,0
Alex De Minaur,Adrian Mannarino,24.0,45.0,21.0,0.5,0.3,1
Dominic Thiem,Marco Cecchinato,194.0,134.0,-60.0,0.1,0.2,0
Zsombor Piros,Mohamed Safwat,222.0,415.0,193.0,0.6,0.6666666666666666,1
Thiago Monteiro,Matteo Arnaldi,76.0,33.0,-43.0,0.4,0.7,0
Luca Nardi,Mitchell Krueger,78.0,192.0,114.0,0.3,0.4,0
Ugo Humbert,Jan Lennard Struff,110.0,132.0,22.0,0.3,0.4,0
Kei Nishikori,Taylor Fritz,439.0,9.0,-430.0,0.6,0.5,0
Fabian Marozsan,Jaume Munar,87.0,104.0,17.0,0.5,0.5,0
Roberto Bautista Agut,Daniel Evans,19.0,36.0,17.0,0.7,0.2,0
Leandro Riedi,Felix Auger Aliassime,162.0,19.0,-143.0,0.16666666666666666,0.6,0
Gianluca Mager,Egor Gerasimov,63.0,106.0,43.0,0.3,0.4,1
Holger Rune,Yuki Bhambri,9.0,571.0,562.0,0.8,0.4,1
Jenson Brooksby,Frances Tiafoe,43.0,29.0,-14.0,0.5,0.6,1
Maximilian Marterer,Alexander Bublik,170.0,26.0,-144.0,0.3,0.6,0
Tallon Griekspoor,Mackenzie Mcdonald,23.0,74.0,51.0,0.6,0.2,1
Luciano Darderi,Jan Lennard Struff,34.0,41.0,7.0,0.6,0.6,0
Marc Andrea Huesler,Gregoire Barrere,48.0,58.0,10.0,0.6,0.5,0
Roberto Carballes Baena,Francisco Cerundolo,73.0,33.0,-40.0,0.4,0.6,0
Hubert Hurkacz,Dusan Lajovic,11.0,53.0,42.0,0.8,0.4,1
Flavio Cobolli,David Goffin,48.0,100.0,52.0,0.6,0.3,1
Novak Djokovic,Jannik Sinner,1.0,4.0,3.0,0.9,0.9,1
Richard Gasquet,Christopher Oconnell,40.0,86.0,46.0,0.5,0.4,1
Alex De Minaur,Benjamin Bonzi,22.0,53.0,31.0,0.6,0.4,1
Arthur Rinderknech,Alex Michelsen,60.0,44.0,-16.0,0.4,0.6,1
Miomir Kecmanovic,Juncheng Shang,46.0,124.0,78.0,0.4,0.6,0
Luca Van Assche,Tomas Martin Etcheverry,85.0,61.0,-24.0,0.25,0.6,0
Richard Gasquet,Jannik Sinner,124.0,2.0,-122.0,0.2,0.8,0
Yosuke Watanuki,Taylor Fritz,336.0,7.0,-329.0,0.4,0.7,0
Facundo Bagnis,Dominic Thiem,135.0,116.0,-19.0,0.2,0.3,0
Jannik Sinner,Ben Shelton,4.0,15.0,11.0,0.9,0.9,1
Roman Safiullin,Andy Murray,50.0,39.0,-11.0,0.6,0.6,1
Jordan Thompson,Sebastian Korda,33.0,22.0,-11.0,0.8,0.7,0
Roman Safiullin,Mikael Ymer,88.0,69.0,-19.0,0.6,0.6,1
Casper Ruud,Jenson Brooksby,10.0,38.0,28.0,0.6,0.6,1
Kiranpal Pannu,Alex Knaff,454.0,644.0,190.0,0.16666666666666666,0.6666666666666666,0
Karen Khachanov,Thiago Seyboth Wild,15.0,65.0,50.0,0.8,0.3,0
Grigor Dimitrov,Juan Pablo Varillas,20.0,70.0,50.0,0.6,0.5,1
Cameron Norrie,Grigor Dimitrov,11.0,22.0,11.0,0.8,0.6,0
Mikael Ymer,Sebastian Korda,115.0,54.0,-61.0,0.4,0.5,1
Ugo Humbert,Alex De Minaur,46.0,25.0,-21.0,0.2,0.6,0
Jason Kubler,Jack Sock,99.0,103.0,4.0,0.4,0.4,1
Corentin Moutet,Cameron Norrie,66.0,57.0,-9.0,0.4,0.6,0
Andrey Rublev,Grigor Dimitrov,7.0,35.0,28.0,0.9,0.6,1
Botic Van De Zandschulp,Roberto Bautista Agut,65.0,48.0,-17.0,0.4,0.4,1
Borna Coric,Alexander Bublik,31.0,23.0,-8.0,0.5,0.7,0
Richard Gasquet,Brandon Nakashima,57.0,72.0,15.0,0.2,0.3,1
Rinky Hijikata,Frances Tiafoe,98.0,28.0,-70.0,0.2,0.5,1
Lorenzo Musetti,Bu Yunchaokete,19.0,96.0,77.0,0.7,0.6,0
Hubert Hurkacz,Marc Andrea Huesler,17.0,97.0,80.0,0.7,0.3,1
Arthur Cazaux,Zizou Bergs,98.0,82.0,-16.0,0.4,0.4,1
Matteo Arnaldi,Alex De Minaur,41.0,10.0,-31.0,0.6,0.7,0
Daniil Medvedev,Stefanos Tsitsipas,3.0,5.0,2.0,0.8,0.8,1
Egor Gerasimov,Gianluca Mager,113.0,62.0,-51.0,0.4,0.4,1
Jordan Thompson,Ugo Humbert,32.0,17.0,-15.0,0.6,0.5,1
Novak Djokovic,Casper Ruud,3.0,4.0,1.0,0.7,0.8,1
Jack Draper,Holger Rune,27.0,16.0,-11.0,0.6,0.7,0
Jannik Sinner,Jordan Thompson,1.0,32.0,31.0,0.8,0.7,1
David Goffin,Radu Albot,58.0,113.0,55.0,0.6,0.5,1
Adrian Mannarino,Nuno Borges,33.0,39.0,6.0,0.1,0.7,0
Adrian Mannarino,Jordan Thompson,27.0,71.0,44.0,0.8,0.5,0
Roberto Bautista Agut,Soon Woo Kwon,26.0,84.0,58.0,0.6,0.7,0
Alejandro Davidovich Fokina,Constant Lestienne,31.0,53.0,22.0,0.5,0.4,1
Nicolas Jarry,Corentin Moutet,19.0,79.0,60.0,0.6,0.4,0
Taylor Fritz,Jannik Sinner,5.0,1.0,-4.0,0.6,0.9,0
Federico Coria,Daniel Evans,65.0,29.0,-36.0,0.5,0.6,0
David Goffin,Andy Murray,45.0,135.0,90.0,0.2,0.5,0
Albert Ramos,Andrej Martin,44.0,115.0,71.0,0.5,0.5,1
Francisco Cerundolo,Casper Ruud,31.0,9.0,-22.0,0.5,0.6,1
Fabio Fognini,Daniel Altmaier,36.0,91.0,55.0,0.3,0.6,1
Roberto Carballes Baena,Tomas Martin Etcheverry,64.0,27.0,-37.0,0.3,0.4,0
John Millman,Daniil Medvedev,140.0,8.0,-132.0,0.4,0.5,0
Ugo Humbert,Botic Van De Zandschulp,34.0,67.0,33.0,0.6,0.5,1
Jaume Munar,Marin Cilic,72.0,29.0,-43.0,0.3,0.4,0
Tommy Paul,Mikael Ymer,31.0,79.0,48.0,0.7,0.7,0
Dimitar Kuzmanov,Cem Ilkel,189.0,259.0,70.0,0.5,0.4,0
Lorenzo Musetti,Stefanos Tsitsipas,19.0,5.0,-14.0,0.7,0.8,0
Sebastian Korda,Carlos Alcaraz,28.0,3.0,-25.0,0.5,0.8,0
Mitchell Krueger,Max Purcell,244.0,43.0,-201.0,0.4,0.3,0
Laslo Djere,Soon Woo Kwon,37.0,112.0,75.0,0.7,0.5,1
Daniel Elahi Galan,Brandon Nakashima,75.0,69.0,-6.0,0.7,0.6,0
Stefanos Tsitsipas,Alexander Zverev,5.0,3.0,-2.0,0.7,0.8,1
Daniel Elahi Galan,Radu Albot,70.0,105.0,35.0,0.5,0.3,1
Marton Fucsovics,Roberto Bautista Agut,58.0,20.0,-38.0,0.6,0.6,0
Jiri Lehecka,Mitchell Krueger,38.0,179.0,141.0,0.7,0.5,1
Rafael Nadal,Maxime Cressy,6.0,112.0,106.0,0.8,0.5,1
Thanasi Kokkinakis,Borna Coric,91.0,28.0,-63.0,0.3,0.7,0
Denis Shapovalov,Lorenzo Sonego,16.0,28.0,12.0,0.5,0.2,1
Benjamin Bonzi,Aslan Karatsev,69.0,15.0,-54.0,0.4,0.7,1
Grigor Dimitrov,Andy Murray,14.0,42.0,28.0,0.9,0.4,1
Karen Khachanov,Novak Djokovic,11.0,3.0,-8.0,0.6,0.6,0
Cameron Norrie,Sebastian Korda,13.0,32.0,19.0,0.7,0.6,0
Gregoire Barrere,Yannick Hanfmann,85.0,50.0,-35.0,0.2,0.4,1
Pablo Carreno Busta,Albert Ramos,18.0,38.0,20.0,0.4,0.3,1
Roberto Carballes Baena,Stefanos Tsitsipas,54.0,11.0,-43.0,0.6,0.6,0
Soon Woo Kwon,Jurij Rodionov,65.0,194.0,129.0,0.5,0.5,1
Taro Daniel,Marcos Giron,62.0,44.0,-18.0,0.5,0.7,0
Matteo Berrettini,Holger Rune,44.0,14.0,-30.0,0.7,0.6,0
Tommy Paul,Carlos Alcaraz,19.0,1.0,-18.0,0.8,0.9,0
Feliciano Lopez,Jordan Thompson,102.0,83.0,-19.0,0.3,0.3,0
Pedro Martinez,Sebastian Baez,72.0,78.0,6.0,0.6,0.5,1
Novak Djokovic,Alejandro Davidovich Fokina,2.0,23.0,21.0,0.9,0.6,1
Frances Tiafoe,Denis Shapovalov,26.0,118.0,92.0,0.4,0.4,0
Casper Ruud,Roberto Bautista Agut,7.0,18.0,11.0,0.7,0.7,1
Richard Gasquet,Dominic Stricker,82.0,136.0,54.0,0.6,0.6,1
Cameron Norrie,Taylor Fritz,8.0,12.0,4.0,0.8,0.6,1
Tomas Martin Etcheverry,Grigor Dimitrov,40.0,9.0,-31.0,0.5,0.6,0
Mikael Ymer,Liam Broady,61.0,147.0,86.0,0.3,0.5,1
Tomas Martin Etcheverry,Christopher Oconnell,35.0,79.0,44.0,0.6,0.5,0
Diego Schwartzman,Frances Tiafoe,16.0,26.0,10.0,0.5,0.6,0
Aslan Karatsev,Shintaro Mochizuki,50.0,215.0,165.0,0.7,0.2,1
Jordan Thompson,Jenson Brooksby,83.0,54.0,-29.0,0.4,0.7,0
James Duckworth,Aleksandar Vukic,63.0,85.0,22.0,0.3,0.6,0
Stefanos Tsitsipas,Lucas Pouille,11.0,273.0,262.0,0.7,0.4,1
Christopher Oconnell,Christopher Eubanks,73.0,43.0,-30.0,0.6,0.8,0
Dominic Stricker,Chun Hsin Tseng,111.0,90.0,-21.0,0.5,0.3,1
Pablo Carreno Busta,Fabio Fognini,15.0,64.0,49.0,0.5,0.4,1
Marco Trungelliti,Alexander Shevchenko,138.0,58.0,-80.0,0.4,0.3,0
Mackenzie Mcdonald,Mikael Ymer,64.0,61.0,-3.0,0.3,0.3,1
Thiago Seyboth Wild,Alejandro Davidovich Fokina,79.0,26.0,-53.0,0.4,0.4,0
Filip Krajinovic,Thiago Monteiro,45.0,110.0,65.0,0.5,0.5,0
Stefanos Tsitsipas,Tomas Martin Etcheverry,12.0,31.0,19.0,0.8,0.6,1
Stefanos Tsitsipas,Sebastian Ofner,5.0,118.0,113.0,0.7,0.3333333333333333,1
Cameron Norrie,Alexander Zverev,42.0,4.0,-38.0,0.5,0.8,0
Marcos Giron,James Duckworth,58.0,83.0,25.0,0.3,0.5,1
Alex De Minaur,Stefanos Tsitsipas,19.0,5.0,-14.0,0.7,0.6,0
Casper Ruud,Giulio Zeppieri,4.0,129.0,125.0,0.7,0.4,1
Viktor Durasovic,Filip Krajinovic,345.0,42.0,-303.0,0.4,0.3,0
Pedro Cachin,Taro Daniel,57.0,95.0,38.0,0.5,0.3,0
Albert Ramos,Facundo Bagnis,31.0,74.0,43.0,0.6,0.2,1
Jordan Thompson,Quentin Halys,84.0,64.0,-20.0,0.4,0.2,0
Lorenzo Sonego,Benoit Paire,32.0,80.0,48.0,0.4,0.1,1
Richard Gasquet,Zhizhen Zhang,63.0,60.0,-3.0,0.3,0.6,0
Carlos Alcaraz,Novak Djokovic,3.0,2.0,-1.0,0.9,0.9,0
Andrey Rublev,Taylor Fritz,8.0,13.0,5.0,0.6,0.7,0
Luciano Darderi,Tomas Barrios Vera,136.0,108.0,-28.0,0.6666666666666666,0.3,1
Pedro Martinez,Miomir Kecmanovic,57.0,60.0,3.0,0.8,0.4,1
Hubert Hurkacz,Egor Gerasimov,11.0,106.0,95.0,0.4,0.3,1
Pedro Cachin,Novak Djokovic,68.0,2.0,-66.0,0.5,0.9,0
Elias Ymer,Pedro Martinez,131.0,52.0,-79.0,0.6,0.1,0
Alexandre Muller,Sebastian Korda,84.0,33.0,-51.0,0.2,0.5,0
Daniil Medvedev,Jannik Sinner,4.0,3.0,-1.0,0.8,0.9,0
Alejandro Tabilo,Federico Delbonis,146.0,131.0,-15.0,0.5,0.2,0
Casper Ruud,Cameron Norrie,6.0,30.0,24.0,0.8,0.6,1
Arthur Rinderknech,Christopher Eubanks,56.0,106.0,50.0,0.7,0.5,1
Thiago Seyboth Wild,Hugo Dellien,81.0,112.0,31.0,0.2,0.0,0
Luca Van Assche,Francisco Cerundolo,77.0,20.0,-57.0,0.4,0.7,0
Botic Van De Zandschulp,Christopher Oconnell,31.0,87.0,56.0,0.5,0.3,0
Pavel Kotov,Arthur Rinderknech,65.0,94.0,29.0,0.6,0.4,1
Yosuke Watanuki,Miomir Kecmanovic,102.0,60.0,-42.0,0.4,0.6,0
Botic Van De Zandschulp,Rafael Nadal,25.0,4.0,-21.0,0.6,0.8,0
Gael Monfils,Carlos Alcaraz,28.0,19.0,-9.0,0.7,0.9,0
Adrian Mannarino,Christopher Eubanks,43.0,77.0,34.0,0.7,0.6,0
Lorenzo Musetti,Yoshihito Nishioka,19.0,45.0,26.0,0.7,0.4,1
Dusan Lajovic,Carlos Alcaraz,76.0,1.0,-75.0,0.7,0.9,0
Mikael Ymer,Nick Kyrgios,115.0,63.0,-52.0,0.4,0.8,0
Denis Shapovalov,J J Wolf,22.0,99.0,77.0,0.3,0.6,0
Tomas Machac,Alexei Popyrin,158.0,89.0,-69.0,0.5,0.2,1
Ugo Humbert,Arthur Fils,15.0,23.0,8.0,0.5,0.8,1
Lorenzo Sonego,Miomir Kecmanovic,55.0,47.0,-8.0,0.3,0.5,1
Casper Ruud,Tomas Machac,7.0,44.0,37.0,0.8,0.8,1
Jordan Thompson,Cameron Norrie,76.0,13.0,-63.0,0.5,0.7,0
Matteo Berrettini,Miomir Kecmanovic,84.0,66.0,-18.0,0.6,0.3,0
Hugo Dellien,Joao Sousa,111.0,143.0,32.0,0.4,0.2,1
Emil Ruusuvuori,Christopher Oconnell,43.0,65.0,22.0,0.7,0.4,1
John Millman,Marcos Giron,80.0,59.0,-21.0,0.4,0.5,0
Fabio Fognini,Roman Safiullin,74.0,60.0,-14.0,0.4,0.5,0
Jack Draper,Hubert Hurkacz,56.0,13.0,-43.0,0.7,0.6,0
Tommy Paul,Luca Nardi,17.0,123.0,106.0,0.8,0.3,1
Carlos Alcaraz,Matteo Berrettini,1.0,38.0,37.0,1.0,0.4,1
Andrey Rublev,Ricardas Berankis,8.0,107.0,99.0,0.6,0.5,1
Roberto Carballes Baena,Nicolas Jarry,78.0,145.0,67.0,0.3,0.2,1
Diego Schwartzman,Maxime Cressy,24.0,34.0,10.0,0.4,0.3,0
Stan Wawrinka,Corentin Moutet,295.0,112.0,-183.0,0.3,0.4,0
Nicolas Jarry,Gregoire Barrere,28.0,57.0,29.0,0.8,0.5,0
Corentin Moutet,Adrian Mannarino,80.0,43.0,-37.0,0.3,0.6,0
Learner Tien,Jakub Mensik,122.0,48.0,-74.0,0.5,0.6,1
Laslo Djere,Brandon Nakashima,38.0,68.0,30.0,0.8,0.4,1
Giovanni Mpetshi Perricard,Tomas Martin Etcheverry,117.0,29.0,-88.0,0.4,0.6,1
Casper Ruud,Cameron Norrie,8.0,12.0,4.0,0.7,0.8,1
Gijs Brouwer,Holger Rune,160.0,9.0,-151.0,0.5714285714285714,0.8,1
Fabian Marozsan,Jan Lennard Struff,43.0,41.0,-2.0,0.3,0.6,0
Zhizhen Zhang,Tomas Martin Etcheverry,60.0,31.0,-29.0,0.6,0.5,1
Sebastian Baez,Andrey Rublev,34.0,8.0,-26.0,0.6,0.6,1
Novak Djokovic,Roberto Carballes Baena,1.0,63.0,62.0,0.7,0.6,1
Aleksandar Vukic,Max Purcell,87.0,100.0,13.0,0.3,0.3,1
Andrey Rublev,Cameron Norrie,11.0,9.0,-2.0,0.6,0.8,1
Diego Schwartzman,Lorenzo Sonego,15.0,22.0,7.0,0.7,0.7,1
Jack Draper,Gilles Simon,146.0,139.0,-7.0,0.3333333333333333,0.4,1
Jack Draper,Andrey Rublev,123.0,8.0,-115.0,0.6,0.7,0
Dusan Lajovic,Nicolas Jarry,51.0,54.0,3.0,0.7,0.5,0
Hugo Dellien,Fernando Verdasco,103.0,201.0,98.0,0.2222222222222222,0.3,0
Benjamin Bonzi,Tommy Paul,59.0,37.0,-22.0,0.7,0.7,0
Borna Coric,Tallon Griekspoor,37.0,23.0,-14.0,0.6,0.5,1
Grigor Dimitrov,Alejandro Davidovich Fokina,29.0,46.0,17.0,0.6,0.5,0
Jason Kubler,Daniel Elahi Galan,71.0,94.0,23.0,0.6,0.2,1
Marin Cilic,Karen Khachanov,24.0,27.0,3.0,0.7,0.6,0
Taro Daniel,Taylor Fritz,85.0,12.0,-73.0,0.3,0.7,0
Thiago Seyboth Wild,Tallon Griekspoor,78.0,25.0,-53.0,0.4,0.5,0
Flavio Cobolli,Alexander Shevchenko,56.0,61.0,5.0,0.6,0.5,1
Hugo Gaston,Sebastian Baez,91.0,18.0,-73.0,0.5,0.5,1
Jiri Lehecka,Joao Sousa,68.0,61.0,-7.0,0.3,0.3,1
Hubert Hurkacz,Alexei Popyrin,6.0,62.0,56.0,0.8,0.7,0
Tommy Paul,Dusan Lajovic,39.0,46.0,7.0,0.6,0.3,1
Ugo Humbert,Andrey Rublev,77.0,7.0,-70.0,0.6,0.7,0
Marc Andrea Huesler,Lorenzo Musetti,95.0,30.0,-65.0,0.5,0.5,1
Alejandro Tabilo,Juan Pablo Varillas,54.0,87.0,33.0,0.7,0.5,1
Gael Monfils,Alexei Popyrin,46.0,30.0,-16.0,0.5,0.8,1
Abedallah Shelbayh,Lorenzo Sonego,215.0,49.0,-166.0,0.16666666666666666,0.6,0
Jaume Munar,Yoshihito Nishioka,55.0,39.0,-16.0,0.4,0.6,0
Ugo Humbert,Matteo Berrettini,33.0,36.0,3.0,0.6,0.5,0
Soon Woo Kwon,Benoit Paire,71.0,60.0,-11.0,0.4,0.1,1
Alex Molcan,Hugo Gaston,86.0,109.0,23.0,0.6,0.2,1
Jurij Rodionov,Roberto Bautista Agut,145.0,20.0,-125.0,0.4,0.6,0
Dominik Koepfer,Roberto Carballes Baena,54.0,68.0,14.0,0.4,0.7,0
Diego Schwartzman,J J Wolf,26.0,67.0,41.0,0.2,0.6,0
Steve Johnson,Aslan Karatsev,115.0,22.0,-93.0,0.4,0.5,1
Andrea Vavassori,Dominik Koepfer,168.0,52.0,-116.0,0.5,0.4,0
Zhizhen Zhang,Laslo Djere,79.0,57.0,-22.0,0.4,0.4,0
Lloyd Harris,Yoshihito Nishioka,44.0,96.0,52.0,0.3,0.3,1
Jiri Lehecka,Marcos Giron,41.0,75.0,34.0,0.6,0.5,0
Aleksandar Vukic,Tallon Griekspoor,87.0,23.0,-64.0,0.4,0.6,0
Damir Dzumhur,Gael Monfils,96.0,46.0,-50.0,0.4,0.4,0
Nikoloz Basilashvili,Ilya Ivashka,20.0,44.0,24.0,0.4,0.4,1
Juan Pablo Varillas,Arthur Fils,69.0,38.0,-31.0,0.4,0.4,0
Liam Broady,Rinky Hijikata,121.0,84.0,-37.0,0.5,0.4,0
Alexandre Muller,Andy Murray,75.0,50.0,-25.0,0.4,0.2,0
Stefanos Tsitsipas,Carlos Alcaraz,5.0,1.0,-4.0,0.8,0.8,0
Fernando Verdasco,Sebastian Baez,200.0,77.0,-123.0,0.2,0.4,0
Sumit Nagal,Matteo Arnaldi,93.0,38.0,-55.0,0.5,0.5,1
Matteo Berrettini,Botic Van De Zandschulp,10.0,29.0,19.0,0.7,0.5,1
Juncheng Shang,Alejandro Davidovich Fokina,111.0,28.0,-83.0,0.5,0.4,0
Dominic Thiem,Borna Coric,99.0,23.0,-76.0,0.6,0.6,0
Stefanos Tsitsipas,Jannik Sinner,4.0,10.0,6.0,0.5,0.8,1
Dominic Stricker,Arthur Fils,149.0,34.0,-115.0,0.3,0.5,0
Seong Chan Hong,Dusan Lajovic,194.0,52.0,-142.0,0.16666666666666666,0.3,0
Thiago Monteiro,Grigor Dimitrov,66.0,32.0,-34.0,0.3,0.4,0
Joao Sousa,Casper Ruud,147.0,5.0,-142.0,0.3,0.7,0
Hubert Hurkacz,Carlos Alcaraz,10.0,16.0,6.0,0.8,0.9,0
Cameron Norrie,Felix Auger Aliassime,11.0,9.0,-2.0,0.8,0.4,0
Alejandro Davidovich Fokina,Miomir Kecmanovic,31.0,28.0,-3.0,0.5,0.5,0
Mikael Ymer,Mackenzie Mcdonald,77.0,63.0,-14.0,0.5,0.6,1
Lorenzo Sonego,Cristian Garin,45.0,86.0,41.0,0.7,0.7,0
Holger Rune,Arthur Cazaux,8.0,122.0,114.0,0.7,0.16666666666666666,0
Daniel Evans,Botic Van De Zandschulp,28.0,65.0,37.0,0.5,0.2,1
Casper Ruud,Francisco Cerundolo,4.0,31.0,27.0,0.7,0.7,1
Quentin Halys,Alexei Popyrin,66.0,75.0,9.0,0.6,0.5,1
Cameron Norrie,Jiri Lehecka,12.0,71.0,59.0,0.8,0.6,0
Luciano Darderi,Flavio Cobolli,34.0,31.0,-3.0,0.5,0.6,0
Flavio Cobolli,Pavel Kotov,100.0,65.0,-35.0,0.4,0.7,1
Taylor Fritz,Max Purcell,13.0,94.0,81.0,0.7,0.2,1
Dominic Thiem,Hubert Hurkacz,132.0,11.0,-121.0,0.6,0.5,1
Maxime Cressy,Grigor Dimitrov,64.0,20.0,-44.0,0.3,0.6,0
Duje Ajdukovic,Luca Van Assche,130.0,104.0,-26.0,0.2222222222222222,0.3,1
Alexander Zverev,David Goffin,3.0,66.0,63.0,0.7,0.8,0
Daniel Altmaier,Joao Sousa,85.0,137.0,52.0,0.5,0.1,0
Flavio Cobolli,Roberto Carballes Baena,62.0,64.0,2.0,0.6,0.3,0
Federico Coria,Dusan Lajovic,65.0,37.0,-28.0,0.4,0.4,1
Coleman Wong,Yibing Wu,141.0,566.0,425.0,0.5,0.3,1
Tommy Paul,Vasek Pospisil,34.0,147.0,113.0,0.7,0.4,1
Richard Gasquet,Ugo Humbert,75.0,40.0,-35.0,0.3,0.2,1
Lorenzo Musetti,Gabriel Diallo,18.0,158.0,140.0,0.6,0.16666666666666666,0
Liam Broady,Pedro Cachin,108.0,70.0,-38.0,0.5,0.6,1
Corentin Moutet,Laslo Djere,92.0,52.0,-40.0,0.3,0.4,0
Corentin Moutet,Roberto Carballes Baena,69.0,55.0,-14.0,0.4,0.5,0
Federico Coria,Daniel Elahi Galan,78.0,113.0,35.0,0.4,0.4,0
Yibing Wu,Richard Gasquet,57.0,44.0,-13.0,0.6,0.4,1
Sebastian Baez,Thiago Monteiro,78.0,107.0,29.0,0.6,0.5,1
Alexander Zverev,Alexei Popyrin,4.0,63.0,59.0,0.8,0.5,1
Pedro Martinez,Cristian Garin,76.0,98.0,22.0,0.4,0.3,1
Novak Djokovic,Carlos Alcaraz,2.0,1.0,-1.0,0.9,0.9,1
Alejandro Tabilo,Matteo Berrettini,21.0,50.0,29.0,0.7,0.8,0
Alexandre Muller,Francesco Passaro,126.0,115.0,-11.0,0.5,0.3333333333333333,1
John Isner,Frances Tiafoe,27.0,30.0,3.0,0.6,0.5,1
Carlos Alcaraz,Cameron Norrie,4.0,11.0,7.0,0.7,0.8,0
Pedro Martinez,Henri Laaksonen,43.0,96.0,53.0,0.4,0.2,0
Steve Johnson,Denis Shapovalov,112.0,22.0,-90.0,0.5,0.7,0
Felix Auger Aliassime,Alejandro Davidovich Fokina,9.0,50.0,41.0,0.6,0.4,1
Pedro Martinez,Diego Schwartzman,62.0,14.0,-48.0,0.6,0.7,0
Mate Valkusz,Mohamed Safwat,402.0,415.0,13.0,0.4,0.6,0
Grigor Dimitrov,Fabian Marozsan,9.0,50.0,41.0,0.7,0.3,0
Daniel Elahi Galan,Aslan Karatsev,113.0,37.0,-76.0,0.4,0.4,0
Karen Khachanov,Aleksandar Kovacevic,15.0,101.0,86.0,0.6,0.3,1
Sebastian Baez,Dusan Lajovic,36.0,90.0,54.0,0.5,0.4,0
Arthur Rinderknech,Kei Nishikori,76.0,401.0,325.0,0.4,0.6,1
Denis Shapovalov,David Goffin,140.0,98.0,-42.0,0.6,0.3,0
Quentin Halys,Lukas Klein,192.0,118.0,-74.0,0.6,0.6,1
Soon Woo Kwon,Pablo Carreno Busta,84.0,15.0,-69.0,0.7,0.6,1
Zizou Bergs,Stan Wawrinka,132.0,105.0,-27.0,0.2,0.5,0
Carlos Alcaraz,Sebastian Korda,6.0,30.0,24.0,1.0,0.6,1
Tomas Martin Etcheverry,Tomas Machac,30.0,78.0,48.0,0.5,0.5,0
David Goffin,Alexander Bublik,126.0,47.0,-79.0,0.3,0.3,0
Aleksandar Vukic,Grigor Dimitrov,54.0,19.0,-35.0,0.5,0.7,0
Thanasi Kokkinakis,Matteo Berrettini,77.0,35.0,-42.0,0.7,0.5,0
Albert Ramos,Thiago Monteiro,50.0,84.0,34.0,0.4,0.2,0
Jack Draper,Alex De Minaur,94.0,27.0,-67.0,0.7,0.6,0
Jannik Sinner,Roman Safiullin,10.0,167.0,157.0,0.6,0.5,1
Luciano Darderi,Tomas Martin Etcheverry,47.0,29.0,-18.0,0.7,0.7,0
Daniel Evans,Nicolas Mejia,30.0,253.0,223.0,0.5,0.16666666666666666,0
Diego Schwartzman,Dusan Lajovic,142.0,59.0,-83.0,0.2,0.6,0
Pedro Martinez,Aleksandar Vukic,42.0,92.0,50.0,0.4,0.5,1
Daniel Evans,Yoshihito Nishioka,25.0,56.0,31.0,0.6,0.6,0
Marton Fucsovics,Cameron Norrie,53.0,10.0,-43.0,0.5,0.7,0
Arthur Fils,Andrey Rublev,36.0,5.0,-31.0,0.7,0.5,0
Jiri Lehecka,Dusan Lajovic,32.0,52.0,20.0,0.4,0.5,1
Grigor Dimitrov,Karen Khachanov,19.0,14.0,-5.0,0.6,0.7,1
Taylor Fritz,Mackenzie Mcdonald,9.0,64.0,55.0,0.6,0.4,0
James Duckworth,Hubert Hurkacz,88.0,9.0,-79.0,0.5,0.8,0
Carlos Alcaraz,Dusan Lajovic,2.0,80.0,78.0,0.8,0.6,1
Adrian Mannarino,Jaume Munar,19.0,82.0,63.0,0.5,0.5,1
Richard Gasquet,Matteo Berrettini,64.0,15.0,-49.0,0.6,0.9,0
Stan Wawrinka,Hubert Hurkacz,148.0,10.0,-138.0,0.5,0.7,0
Rinky Hijikata,Daniel Evans,70.0,40.0,-30.0,0.6,0.4,0
Shintaro Mochizuki,Gregoire Barrere,200.0,59.0,-141.0,0.0,0.5,0
Fabio Fognini,Luciano Darderi,81.0,42.0,-39.0,0.5,0.2,1
Frances Tiafoe,Elias Ymer,17.0,129.0,112.0,0.7,0.6,1
Daniel Elahi Galan,Jaume Munar,104.0,93.0,-11.0,0.4,0.4,0
Alex De Minaur,Andy Murray,18.0,38.0,20.0,0.5,0.4,1
Arthur Rinderknech,Adrian Mannarino,67.0,70.0,3.0,0.3,0.5,0
Steve Johnson,Grigor Dimitrov,110.0,19.0,-91.0,0.6,0.4,0
Milos Raonic,Cameron Norrie,186.0,39.0,-147.0,0.5,0.5,1
Steve Johnson,Frances Tiafoe,152.0,15.0,-137.0,0.3,0.7,0
Diego Schwartzman,Alexei Popyrin,16.0,84.0,68.0,0.5,0.3,1
Felipe Meligeni Alves,Alejandro Tabilo,177.0,122.0,-55.0,0.2857142857142857,0.5,1
Yi Zhou,Adrian Mannarino,531.0,46.0,-485.0,0.3333333333333333,0.1,0
David Goffin,Roberto Carballes Baena,74.0,79.0,5.0,0.4,0.2,1
Francisco Cerundolo,Alexander Shevchenko,22.0,51.0,29.0,0.5,0.5,1
Miomir Kecmanovic,Salvatore Caruso,77.0,146.0,69.0,0.4,0.1,1
Dusan Lajovic,Alex Molcan,53.0,122.0,69.0,0.4,0.5,0
Karen Khachanov,Francisco Cerundolo,16.0,31.0,15.0,0.6,0.5,1
Flavio Cobolli,Alex De Minaur,31.0,10.0,-21.0,0.6,0.8,0
Alejandro Davidovich Fokina,Borna Coric,45.0,167.0,122.0,0.3,0.6666666666666666,1
Damir Dzumhur,Yannick Hanfmann,157.0,54.0,-103.0,0.3,0.2,0
Lorenzo Musetti,Jan Lennard Struff,30.0,132.0,102.0,0.4,0.4,1
Reilly Opelka,Cameron Norrie,20.0,13.0,-7.0,0.9,0.5,0
Alex De Minaur,Thanasi Kokkinakis,17.0,86.0,69.0,0.6,0.6,1
Borna Gojo,Cristian Garin,115.0,101.0,-14.0,0.4,0.6,1
Sebastian Korda,Tommy Paul,52.0,34.0,-18.0,0.6,0.5,0
Carlos Alcaraz,Rafael Nadal,19.0,4.0,-15.0,0.9,1.0,0
Tallon Griekspoor,Grigor Dimitrov,37.0,10.0,-27.0,0.5,0.7,0
Frances Tiafoe,Juan Manuel Cerundolo,31.0,122.0,91.0,0.6,0.1,1
Emil Ruusuvuori,Stefanos Tsitsipas,52.0,3.0,-49.0,0.5,0.9,0
Nicolas Jarry,Lorenzo Musetti,24.0,18.0,-6.0,0.5,0.7,0
Zizou Bergs,Maximilian Marterer,104.0,101.0,-3.0,0.3,0.1,1
Karen Khachanov,Aleksandar Vukic,22.0,87.0,65.0,0.7,0.3,0
Holger Rune,Grigor Dimitrov,4.0,19.0,15.0,0.5,0.6,0
Sho Shimabukuro,Hugo Gaston,158.0,99.0,-59.0,0.3333333333333333,0.2,0
Novak Djokovic,Alejandro Tabilo,1.0,32.0,31.0,0.8,0.5,0
Oscar Otte,Hubert Hurkacz,76.0,11.0,-65.0,0.5,0.7,0
Tomas Machac,Maxime Cressy,132.0,70.0,-62.0,0.5714285714285714,0.7,0
Mariano Navone,Holger Rune,41.0,12.0,-29.0,0.8,0.6,0
Daniel Evans,Nikoloz Basilashvili,33.0,25.0,-8.0,0.3,0.3,0
Pedro Cachin,Pavel Kotov,106.0,57.0,-49.0,0.2,0.6,0
Stefanos Tsitsipas,Jannik Sinner,6.0,4.0,-2.0,0.7,0.8,0
Marc Andrea Huesler,Kamil Majchrzak,95.0,119.0,24.0,0.6,0.4,1
Daniel Altmaier,Francisco Cerundolo,56.0,30.0,-26.0,0.2,0.7,0
Stefanos Tsitsipas,Zizou Bergs,7.0,129.0,122.0,0.6,0.3,1
Alexander Shevchenko,Tomas Martin Etcheverry,48.0,30.0,-18.0,0.6,0.4,1
Nicolas Mejia,Kei Nishikori,237.0,205.0,-32.0,0.3,0.5,0
Stefanos Tsitsipas,Matteo Berrettini,4.0,16.0,12.0,0.7,0.8,1
Felipe Meligeni Alves,Facundo Bagnis,164.0,100.0,-64.0,0.4,0.1,0
Luca Van Assche,Nicolas Jarry,64.0,25.0,-39.0,0.4,0.6,0
Casper Ruud,Matteo Berrettini,5.0,15.0,10.0,0.7,1.0,1
Alexander Zverev,Ugo Humbert,9.0,26.0,17.0,0.5,0.7,1
Francisco Cerundolo,Roberto Bautista Agut,21.0,57.0,36.0,0.6,0.3,0
Marin Cilic,Dominic Thiem,16.0,173.0,157.0,0.7,0.6,1
Jack Draper,Dominic Stricker,41.0,111.0,70.0,0.6,0.6,0
Emil Ruusuvuori,Lorenzo Musetti,42.0,62.0,20.0,0.4,0.3,0
Andrey Rublev,Alexander Bublik,5.0,23.0,18.0,0.7,0.7,0
Jiri Lehecka,Matteo Arnaldi,33.0,76.0,43.0,0.6,0.6,0
David Goffin,Ugo Humbert,58.0,112.0,54.0,0.6,0.3,1
Stefanos Tsitsipas,Rinky Hijikata,4.0,169.0,165.0,0.7,0.2,1
Aslan Karatsev,Hubert Hurkacz,32.0,10.0,-22.0,0.4,0.7,0
David Goffin,Jenson Brooksby,48.0,38.0,-10.0,0.7,0.6,0
John Isner,Kevin Anderson,26.0,101.0,75.0,0.2,0.4,1
Roberto Bautista Agut,Juan Pablo Varillas,19.0,115.0,96.0,0.6,0.4,0
Jiri Vesely,Lloyd Harris,300.0,162.0,-138.0,0.5,0.3,0
Tomas Martin Etcheverry,Shintaro Mochizuki,31.0,215.0,184.0,0.5,0.0,0
Daniel Elahi Galan,Maxime Cressy,84.0,55.0,-29.0,0.2,0.0,0
Arthur Rinderknech,Grigor Dimitrov,94.0,13.0,-81.0,0.3,0.8,0
Jan Lennard Struff,Tommy Paul,134.0,19.0,-115.0,0.6,0.8,0
Zhizhen Zhang,Zizou Bergs,41.0,73.0,32.0,0.5,0.5,0
Elias Ymer,Tallon Griekspoor,157.0,35.0,-122.0,0.5,0.5,0
Casper Ruud,Tim Van Rijthoven,7.0,117.0,110.0,0.7,0.8,1
Felix Auger Aliassime,Diego Schwartzman,9.0,15.0,6.0,0.6,0.7,0
Rafael Nadal,Sebastian Korda,4.0,38.0,34.0,1.0,0.7,1
Borna Coric,Fabian Marozsan,96.0,57.0,-39.0,0.3,0.4,1
Juan Manuel Cerundolo,Borna Coric,100.0,29.0,-71.0,0.3,0.4,0
Jason Kubler,Laslo Djere,116.0,89.0,-27.0,0.7,0.5,0
Jiri Lehecka,Aslan Karatsev,29.0,77.0,48.0,0.6,0.5,0
Mitchell Krueger,Alejandro Davidovich Fokina,192.0,44.0,-148.0,0.5,0.4,0
Jaume Munar,Benoit Paire,88.0,54.0,-34.0,0.4,0.3,1
Andrey Rublev,J J Wolf,8.0,99.0,91.0,0.6,0.4,1
Tommy Paul,Nick Kyrgios,34.0,94.0,60.0,0.7,0.7,0
Jannik Sinner,Alex De Minaur,1.0,9.0,8.0,1.0,0.4,1
Federico Coria,Thiago Monteiro,69.0,85.0,16.0,0.2,0.6,0
Alejandro Davidovich Fokina,Botic Van De Zandschulp,34.0,44.0,10.0,0.5,0.4,1
Christopher Oconnell,Alexander Zverev,82.0,16.0,-66.0,0.6,0.6,1
Dusan Lajovic,Mariano Navone,86.0,45.0,-41.0,0.3,0.3,1
Daniil Medvedev,Matteo Arnaldi,3.0,66.0,63.0,0.7,0.5,1
Sebastian Korda,Lorenzo Musetti,49.0,30.0,-19.0,0.6,0.6,1
Jack Sock,Gregoire Barrere,154.0,65.0,-89.0,0.3,0.5,1
Karen Khachanov,Michael Mmoh,11.0,89.0,78.0,0.7,0.5,0
Facundo Diaz Acosta,Hugo Gaston,77.0,81.0,4.0,0.4,0.3,0
Stefanos Tsitsipas,Kei Nishikori,12.0,153.0,141.0,0.4,0.7,1
Pablo Carreno Busta,Alex De Minaur,15.0,20.0,5.0,0.8,0.7,1
Karen Khachanov,Pedro Cachin,20.0,57.0,37.0,0.6,0.4,1
Nikoloz Basilashvili,Arthur Rinderknech,36.0,60.0,24.0,0.3,0.3,0
Holger Rune,Matteo Arnaldi,13.0,38.0,25.0,0.7,0.5,1
John Isner,Daniel Altmaier,39.0,99.0,60.0,0.5,0.2,1
Karen Khachanov,Fabio Fognini,26.0,61.0,35.0,0.7,0.3,1
Kamil Majchrzak,Taylor Fritz,75.0,20.0,-55.0,0.7,0.6,0
Gregoire Barrere,Nikoloz Basilashvili,75.0,87.0,12.0,0.4,0.3,1
Rafael Nadal,Frances Tiafoe,3.0,26.0,23.0,0.8,0.6,0
Kamil Majchrzak,Roberto Bautista Agut,75.0,17.0,-58.0,0.6,0.7,0
Dusan Lajovic,Giulio Zeppieri,51.0,133.0,82.0,0.5,0.4,0
Fabio Fognini,Aljaz Bedene,62.0,164.0,102.0,0.6,0.3,1
Juan Ignacio Londero,Pablo Andujar,130.0,73.0,-57.0,0.3,0.4,0
Casper Ruud,Francisco Cerundolo,8.0,103.0,95.0,0.8,0.8,1
Federico Gaio,Radu Albot,174.0,108.0,-66.0,0.2,0.3,0
Federico Coria,Tomas Martin Etcheverry,93.0,29.0,-64.0,0.5,0.5,1
Dominik Koepfer,Tallon Griekspoor,54.0,65.0,11.0,0.3,0.5,0
Radu Albot,Dennis Novak,97.0,128.0,31.0,0.4,0.2,1
John Isner,Jan Lennard Struff,24.0,51.0,27.0,0.3,0.5,0
Rafael Nadal,Novak Djokovic,5.0,1.0,-4.0,0.7,0.9,1
Jordan Thompson,Dusan Lajovic,56.0,52.0,-4.0,0.6,0.4,1
Grigor Dimitrov,Alexander Zverev,19.0,12.0,-7.0,0.7,0.7,0
Emil Ruusuvuori,Benjamin Hassan,61.0,161.0,100.0,0.5,0.5,1
Ilya Ivashka,Felix Auger Aliassime,49.0,9.0,-40.0,0.6,0.9,0
Jiri Vesely,Stefanos Tsitsipas,455.0,5.0,-450.0,0.4,0.7,0
Taylor Fritz,Denis Shapovalov,5.0,30.0,25.0,0.8,0.6,1
Fabian Marozsan,Aleksandar Vukic,45.0,81.0,36.0,0.4,0.4,0
Jaume Munar,Matteo Berrettini,73.0,135.0,62.0,0.5,0.5,0
Cameron Norrie,Albert Ramos,10.0,37.0,27.0,0.7,0.5,0
Lorenzo Musetti,Miomir Kecmanovic,24.0,30.0,6.0,0.7,0.6,1
Malek Jaziri,Jiri Vesely,329.0,69.0,-260.0,0.3,0.5,1
Sebastian Korda,Gregoire Barrere,26.0,128.0,102.0,0.5,0.4,0
Daniel Evans,Denis Shapovalov,25.0,14.0,-11.0,0.5,0.7,1
David Goffin,Brandon Nakashima,53.0,44.0,-9.0,0.5,0.8,0
Brandon Nakashima,John Millman,82.0,89.0,7.0,0.6,0.4,1
Christopher Oconnell,Taylor Fritz,79.0,12.0,-67.0,0.4,0.9,0
Benjamin Bonzi,Emil Ruusuvuori,60.0,40.0,-20.0,0.3,0.6,1
Stan Wawrinka,Alexander Bublik,284.0,44.0,-240.0,0.3,0.5,0
Andy Murray,Francisco Cerundolo,51.0,27.0,-24.0,0.4,0.7,1
Richard Gasquet,John Millman,75.0,93.0,18.0,0.4,0.4,1
Cristian Garin,Sho Shimabukuro,94.0,143.0,49.0,0.4,0.4,1
Fabian Marozsan,Alexander Shevchenko,36.0,60.0,24.0,0.7,0.3,0
Frances Tiafoe,Jiri Lehecka,12.0,37.0,25.0,0.7,0.5,1
Filip Krajinovic,Sebastian Baez,43.0,32.0,-11.0,0.7,0.6,1
Steve Johnson,Adrian Mannarino,120.0,63.0,-57.0,0.4,0.4,0
Benjamin Bonzi,Quentin Halys,108.0,70.0,-38.0,0.3,0.4,1
Arthur Rinderknech,Andrey Rublev,56.0,6.0,-50.0,0.7,0.8,0
Luca Van Assche,Pierre Hugues Herbert,70.0,344.0,274.0,0.5,0.4,0
Tallon Griekspoor,Borna Gojo,24.0,77.0,53.0,0.5,0.5,0
Stefano Travaglia,Henri Laaksonen,119.0,84.0,-35.0,0.3,0.5,1
John Isner,Maxime Cressy,22.0,41.0,19.0,0.7,0.6,0
Oscar Otte,David Goffin,52.0,62.0,10.0,0.6,0.3,0
Facundo Diaz Acosta,Sebastian Baez,59.0,30.0,-29.0,0.7,0.7,0
Adrian Mannarino,Ugo Humbert,38.0,40.0,2.0,0.7,0.4,1
Taro Daniel,Denis Shapovalov,94.0,22.0,-72.0,0.4,0.6,0
Stefanos Tsitsipas,Holger Rune,6.0,8.0,2.0,0.7,0.5,0
Jack Draper,Andy Murray,56.0,55.0,-1.0,0.5,0.7,1
Francisco Cerundolo,Dominic Thiem,28.0,132.0,104.0,0.3,0.6,0
Benoit Paire,Grigor Dimitrov,56.0,28.0,-28.0,0.1,0.6,1
Maximilian Marterer,Alexander Zverev,100.0,4.0,-96.0,0.3,0.7,0
Lorenzo Sonego,Sebastian Korda,46.0,29.0,-17.0,0.5,0.5,0
Aslan Karatsev,Lorenzo Sonego,20.0,27.0,7.0,0.7,0.6,1
Jason Kubler,Ugo Humbert,77.0,39.0,-38.0,0.3,0.3,1
Elmer Moller,Alexander Bublik,247.0,27.0,-220.0,0.6,0.4,1
Botic Van De Zandschulp,Rafael Nadal,80.0,154.0,74.0,0.3,0.6,1
John Isner,Dominik Koepfer,103.0,88.0,-15.0,0.3,0.2,0
Felix Auger Aliassime,Francisco Cerundolo,7.0,29.0,22.0,0.5,0.4,1
Matteo Berrettini,Lorenzo Musetti,16.0,24.0,8.0,0.9,0.7,0
Alex De Minaur,Diego Schwartzman,18.0,107.0,89.0,0.5,0.4,1
Lorenzo Musetti,Zhizhen Zhang,26.0,48.0,22.0,0.4,0.4,0
Holger Rune,Aleksandar Kovacevic,7.0,93.0,86.0,0.5,0.4,1
Nikoloz Basilashvili,Diego Schwartzman,22.0,13.0,-9.0,0.6,0.7,0
Ben Shelton,Alexander Zverev,14.0,4.0,-10.0,0.6,0.7,0
Ben Shelton,Nicolas Jarry,89.0,154.0,65.0,0.5,0.4,1
Dusan Lajovic,Pablo Carreno Busta,64.0,20.0,-44.0,0.3,0.3,1
Mikael Ymer,Daniel Altmaier,88.0,61.0,-27.0,0.5,0.3,1
J J Wolf,Enzo Couacaud,48.0,158.0,110.0,0.5,0.2857142857142857,1
Marc Andrea Huesler,Daniel Altmaier,88.0,51.0,-37.0,0.2,0.4,0
Felix Auger Aliassime,Botic Van De Zandschulp,9.0,47.0,38.0,0.9,0.5,0
Andy Murray,Ugo Humbert,67.0,18.0,-49.0,0.2,0.8,0
Grigor Dimitrov,Jannik Sinner,27.0,11.0,-16.0,0.6,0.8,0
Marton Fucsovics,Chun Hsin Tseng,96.0,85.0,-11.0,0.5,0.16666666666666666,0
